Time,Intensity,Voltage
0.0001,1.59746231,0.23650754
0.00011,1.62560301,0.2867588
0.00012,1.61756281,0.33701006
0.00013000000000000002,1.59143216,0.48776383
0.00014,1.60148241,0.43751257
0.00015,1.5773618,0.68876885
0.00016,1.60952261,0.53801508
0.00017,1.61153266,0.48776383
0.00018,1.5773618,0.6385175999999999
0.00019,1.5612814,0.58826634
0.0002,1.59344221,0.73902011
0.00021,1.59746231,0.73902011
0.00022,1.60550251,0.6385175999999999
0.00023,1.60751256,0.58826634
0.00024,1.5693216,0.73902011
0.00025,1.58741205,0.58826634
0.00026000000000000003,1.5813819,0.73902011
0.00027,1.5733416999999998,0.73902011
0.00028,1.5532412,0.73902011
0.00029,1.55525125,0.94002514
0.0003,1.5411809,0.73902011
0.00031,1.5572613000000002,0.88977388
0.00032,1.5773618,0.94002514
0.00033,1.5813819,0.94002514
0.00034,1.5572613000000002,0.94002514
0.00035,1.5773618,1.14103016
0.00036,1.5532412,0.94002514
0.00037,1.5612814,1.14103016
0.00038,1.5572613000000002,1.04052765
0.00039,1.5411809,0.99027639
0.0004,1.5532412,1.14103016
0.00041,1.5411809,1.19128142
0.00042,1.5371608,1.24153268
0.00043,1.5411809,1.29178393
0.00044,1.5612814,1.34203519
0.00045,1.5572613000000002,1.34203519
0.00046,1.5371608,1.34203519
0.00047,1.52309045,1.39228645
0.00048,1.5210803999999998,1.34203519
0.00049,1.5130402,1.54304022
0.0005,1.5130402,1.54304022
0.0005099999999999999,1.5371608,1.39228645
0.0005200000000000001,1.5130402,1.54304022
0.00053,1.50298995,1.54304022
0.00054,1.5331407,1.54304022
0.00055,1.51907035,1.74404524
0.00056,1.505,1.94505027
0.00057,1.52309045,1.59329147
0.00058,1.5251005,1.74404524
0.00059,1.51505025,2.04555278
0.0006,1.5210803999999998,1.74404524
0.00061,1.51505025,1.99530153
0.00062,1.505,1.94505027
0.00063,1.49494974,1.94505027
0.00064,1.5291206,2.1460553
0.00065,1.52711055,2.09580404
0.00066,1.49293969,2.1460553
0.00067,1.49695979,2.04555278
0.0006799999999999999,1.49695979,2.34706032
0.0006900000000000001,1.50298995,2.1460553
0.0007,1.50097989,2.34706032
0.0007099999999999999,1.49494974,2.34706032
0.00072,1.505,2.54806535
0.00073,1.49293969,2.34706032
0.00074,1.50097989,2.44756284
0.00075,1.50298995,2.54806535
0.0007599999999999999,1.48087939,2.34706032
0.0007700000000000001,1.46881909,2.54806535
0.00078,1.48087939,2.54806535
0.00079,1.47283919,2.49781409
0.0008,1.49695979,2.74907038
0.00081,1.47886934,2.59831661
0.00082,1.47685929,2.74907038
0.0008300000000000001,1.46479899,2.59831661
0.00084,1.49695979,2.74907038
0.00085,1.46278894,2.74907038
0.00086,1.46077889,2.74907038
0.0008699999999999999,1.45675879,2.84957289
0.00088,1.47283919,2.9500754
0.0008900000000000002,1.48489949,3.10082917
0.0009,1.47283919,3.05057792
0.00091,1.45675879,3.00032666
0.00092,1.48087939,2.9500754
0.00093,1.45876884,3.10082917
0.00094,1.47685929,3.15108043
0.00095,1.47082914,3.15108043
0.00096,1.46479899,3.15108043
0.00097,1.46278894,3.15108043
0.00098,1.46881909,3.15108043
0.00099,1.46479899,3.3018342000000005
0.001,1.46479899,3.55309048
0.00101,1.45273869,3.35208546
0.00102,1.44469849,3.25158294
0.00103,1.45072864,3.3018342000000005
0.00104,1.44067839,3.35208546
0.00105,1.43866834,3.50283923
0.00106,1.42459799,3.55309048
0.00107,1.44871859,3.55309048
0.00108,1.43263819,3.55309048
0.00109,1.45675879,3.55309048
0.0011,1.46077889,3.653593
0.00111,1.44268844,3.75409551
0.00112,1.41655779,3.75409551
0.00113,1.45474874,3.90484928
0.00114,1.46881909,3.75409551
0.00115,1.45273869,3.90484928
0.00116,1.44871859,3.95510054
0.00117,1.44871859,3.80434677
0.00118,1.41655779,4.05560305
0.00119,1.44067839,4.00535179
0.0012,1.45675879,3.95510054
0.00121,1.44670854,4.10585431
0.00122,1.44871859,3.95510054
0.00123,1.42258794,4.10585431
0.00124,1.42459799,4.15610556
0.00125,1.43866834,3.95510054
0.00126,1.44469849,4.05560305
0.00127,1.42057789,4.00535179
0.00128,1.41655779,4.15610556
0.00129,1.44067839,4.00535179
0.0013,1.42459799,4.15610556
0.00131,1.40449748,4.15610556
0.00132,1.43263819,4.35711059
0.00133,1.41454773,4.20635682
0.00134,1.42861809,4.35711059
0.00135,1.42258794,4.30685933
0.00136,1.40047738,4.15610556
0.00137,1.41856784,4.50786436
0.0013800000000000002,1.39645728,4.4576131
0.00139,1.41052763,4.40736185
0.0014,1.42459799,4.35711059
0.00141,1.41655779,4.55811562
0.0014199999999999998,1.44469849,4.4576131
0.00143,1.43263819,4.55811562
0.00144,1.40851758,4.15610556
0.00145,1.41856784,4.55811562
0.00146,1.39645728,4.55811562
0.00147,1.41655779,4.70886939
0.00148,1.39243718,4.55811562
0.00149,1.41655779,4.75912064
0.0015,1.41253768,4.75912064
0.00151,1.44268844,4.70886939
0.00152,1.43263819,4.75912064
0.00153,1.40047738,4.70886939
0.00154,1.41655779,4.85962316
0.00155,1.39846733,4.96012567
0.00156,1.39243718,4.96012567
0.00157,1.38439698,4.96012567
0.00158,1.40047738,4.96012567
0.00159,1.41052763,5.01037693
0.0016,1.38439698,4.96012567
0.00161,1.41655779,4.96012567
0.00162,1.37635678,5.06062818
0.0016300000000000002,1.37635678,4.96012567
0.00164,1.37635678,4.96012567
0.00165,1.37635678,5.11087944
0.0016600000000000002,1.38841708,5.26163321
0.0016699999999999998,1.40047738,5.21138195
0.00168,1.38439698,5.1611307
0.00169,1.42459799,5.1611307
0.0017,1.40851758,5.1611307
0.00171,1.38640703,5.1611307
0.00172,1.42459799,5.56314075
0.00173,1.41052763,5.31188447
0.0017399999999999998,1.39645728,5.36213572
0.00175,1.39645728,5.36213572
0.00176,1.38439698,5.36213572
0.00177,1.39042713,5.36213572
0.00178,1.39645728,5.46263824
0.00179,1.40047738,5.41238698
0.0018,1.39243718,5.36213572
0.00181,1.40449748,5.31188447
0.00182,1.39645728,5.56314075
0.00183,1.40047738,5.56314075
0.00184,1.41655779,5.56314075
0.00185,1.40851758,5.41238698
0.00186,1.38841708,5.66364326
0.00187,1.38238693,5.61339201
0.00188,1.37635678,5.56314075
0.00189,1.39444723,5.61339201
0.0019,1.40047738,5.66364326
0.00191,1.39042713,5.61339201
0.00192,1.39243718,5.76414578
0.00193,1.39645728,5.76414578
0.00194,1.38037688,5.76414578
0.00195,1.39042713,5.91489955
0.00196,1.37635678,5.76414578
0.00197,1.39042713,6.11590457
0.00198,1.40047738,6.16615583
0.00199,1.40449748,6.01540206
0.002,1.39243718,5.9651508
0.00201,1.39645728,5.9651508
0.00202,1.41655779,5.9651508
0.00203,1.39243718,6.3169096
0.00204,1.40851758,5.9651508
0.00205,1.39243718,6.16615583
0.00206,1.39645728,5.9651508
0.00207,1.40851758,6.16615583
0.0020800000000000003,1.40851758,6.16615583
0.00209,1.40851758,6.26665834
0.0021,1.40449748,6.26665834
0.0021100000000000003,1.39444723,6.16615583
0.00212,1.41655779,6.16615583
0.00213,1.42258794,6.16615583
0.00214,1.40047738,6.36716086
0.00215,1.39846733,6.36716086
0.00216,1.39243718,6.36716086
0.00217,1.41052763,6.51791463
0.00218,1.39645728,6.56816588
0.00219,1.40851758,6.41741211
0.0022,1.41655779,6.36716086
0.00221,1.40449748,6.71891965
0.00222,1.39645728,6.46766337
0.00223,1.40248743,6.51791463
0.00224,1.40047738,6.76917091
0.00225,1.41454773,6.56816588
0.0022600000000000003,1.40851758,6.76917091
0.00227,1.41454773,6.56816588
0.00228,1.41655779,6.56816588
0.00229,1.41856784,6.71891965
0.0023,1.40047738,6.76917091
0.00231,1.41655779,6.81942217
0.00232,1.41655779,6.76917091
0.00233,1.42057789,6.76917091
0.00234,1.39645728,7.07067845
0.00235,1.40248743,6.81942217
0.00236,1.41655779,6.97017594
0.00237,1.42459799,6.97017594
0.00238,1.40851758,6.97017594
0.00239,1.43866834,7.12092971
0.0024,1.44067839,6.76917091
0.00241,1.41856784,7.02042719
0.00242,1.42459799,7.17118096
0.00243,1.43263819,7.12092971
0.00244,1.40851758,7.17118096
0.00245,1.41052763,7.17118096
0.00246,1.43263819,7.27168348
0.00247,1.41655779,7.32193473
0.00248,1.41655779,7.37218599
0.00249,1.43062814,7.22143222
0.0025,1.43263819,7.17118096
0.00251,1.43062814,7.17118096
0.00252,1.44871859,7.17118096
0.00253,1.44067839,7.37218599
0.00254,1.44469849,7.37218599
0.00255,1.45675879,7.37218599
0.00256,1.42459799,7.37218599
0.00257,1.44670854,7.52293976
0.0025800000000000003,1.44871859,7.37218599
0.00259,1.45273869,7.4726884999999985
0.0026,1.46479899,7.37218599
0.0026100000000000003,1.44268844,7.52293976
0.00262,1.43665829,7.37218599
0.00263,1.44268844,7.72394479
0.00264,1.43263819,7.57319102
0.00265,1.44067839,7.42243725
0.00266,1.45675879,7.67369353
0.00267,1.44067839,7.72394479
0.00268,1.46479899,7.57319102
0.00269,1.46479899,7.72394479
0.0027,1.46479899,7.77419604
0.00271,1.47484924,7.62344227
0.00272,1.47283919,7.77419604
0.00273,1.46881909,7.72394479
0.00274,1.46479899,7.77419604
0.00275,1.47082914,7.77419604
0.0027600000000000003,1.45675879,7.77419604
0.00277,1.46278894,7.92494981
0.00278,1.49293969,7.77419604
0.00279,1.46881909,7.97520107
0.0028,1.48891959,7.77419604
0.00281,1.48489949,7.97520107
0.00282,1.48087939,7.87469856
0.00283,1.47082914,7.97520107
0.00284,1.49695979,7.97520107
0.00285,1.49092964,7.97520107
0.00286,1.46479899,8.1762061
0.00287,1.49494974,7.97520107
0.00288,1.47283919,7.97520107
0.00289,1.48891959,8.07570358
0.0029,1.47685929,8.07570358
0.0029100000000000003,1.49293969,8.02545233
0.00292,1.49695979,8.1762061
0.00293,1.5090201,8.1762061
0.00294,1.48891959,8.1762061
0.00295,1.5130402,8.12595484
0.00296,1.5291206,8.1762061
0.00297,1.50701005,8.1762061
0.00298,1.5130402,8.1762061
0.00299,1.51907035,8.1762061
0.003,1.5130402,7.97520107
0.00301,1.52711055,8.32695987
0.00302,1.5251005,8.1762061
0.00303,1.51103015,8.37721112
0.00304,1.5291206,8.1762061
0.00305,1.51907035,8.22645735
0.00306,1.5331407,8.27670861
0.00307,1.5090201,8.32695987
0.0030800000000000003,1.5210803999999998,8.1762061
0.00309,1.53917085,8.22645735
0.0031,1.5411809,8.1762061
0.0031100000000000004,1.52309045,8.32695987
0.00312,1.5210803999999998,8.1762061
0.00313,1.54721105,8.1762061
0.00314,1.5331407,8.27670861
0.00315,1.5572613000000002,8.37721112
0.00316,1.5291206,8.37721112
0.00317,1.53515075,8.32695987
0.00318,1.5331407,8.37721112
0.00319,1.56329145,8.37721112
0.0032,1.5612814,8.37721112
0.00321,1.5492211,8.37721112
0.00322,1.5492211,8.37721112
0.00323,1.57133165,8.37721112
0.00324,1.5612814,8.37721112
0.00325,1.55123115,8.37721112
0.0032600000000000003,1.5693216,8.47771364
0.0032700000000000003,1.585402,8.37721112
0.00328,1.5693216,8.57821615
0.00329,1.57535175,8.57821615
0.0033,1.5813819,8.57821615
0.00331,1.585402,8.52796489
0.0033200000000000005,1.59344221,8.37721112
0.00333,1.57937185,8.57821615
0.00334,1.59344221,8.47771364
0.00335,1.5813819,8.52796489
0.00336,1.60952261,8.1762061
0.00337,1.60349246,8.42746238
0.00338,1.5894221000000002,8.37721112
0.00339,1.61354271,8.57821615
0.0034,1.60952261,8.57821615
0.0034100000000000003,1.60148241,8.57821615
0.0034200000000000003,1.59746231,8.57821615
0.00343,1.60349246,8.42746238
0.00344,1.59344221,8.57821615
0.00345,1.59947236,8.57821615
0.00346,1.60952261,8.57821615
0.0034700000000000004,1.60751256,8.57821615
0.00348,1.60148241,8.77922118
0.00349,1.62761306,8.57821615
0.0035,1.62560301,8.57821615
0.00351,1.61555276,8.42746238
0.00352,1.64168341,8.57821615
0.00353,1.62359296,8.72896992
0.00354,1.62962311,8.67871866
0.00355,1.61354271,8.77922118
0.00356,1.62560301,8.57821615
0.0035700000000000007,1.64771356,8.77922118
0.00358,1.62560301,8.57821615
0.00359,1.64570351,8.77922118
0.0036,1.64168341,8.77922118
0.00361,1.63967336,8.57821615
0.00362,1.64570351,8.67871866
0.00363,1.63364321,8.77922118
0.00364,1.63364321,8.77922118
0.00365,1.65776381,8.72896992
0.00366,1.64168341,8.67871866
0.00367,1.64369346,8.62846741
0.00368,1.63364321,8.77922118
0.00369,1.67384421,8.77922118
0.0037,1.66982411,8.77922118
0.00371,1.65575376,8.82947243
0.00372,1.64168341,8.57821615
0.00373,1.67183416,8.77922118
0.00374,1.68188442,8.77922118
0.00375,1.66379396,8.72896992
0.00376,1.67384421,8.57821615
0.00377,1.65977386,8.77922118
0.00378,1.66982411,8.77922118
0.00379,1.67183416,8.77922118
0.0038,1.69796482,8.77922118
0.00381,1.68992462,8.77922118
0.003820000000000001,1.70198492,8.67871866
0.00383,1.69997487,8.72896992
0.00384,1.68992462,8.980226199999997
0.00385,1.68590452,8.77922118
0.00386,1.70600502,8.87972369
0.00387,1.68992462,8.77922118
0.00388,1.70600502,8.77922118
0.00389,1.69796482,8.92997495
0.0039,1.68992462,8.77922118
0.00391,1.70399497,8.72896992
0.00392,1.72208542,8.77922118
0.00393,1.71806532,8.82947243
0.00394,1.70600502,8.67871866
0.00395,1.69997487,8.77922118
0.00396,1.72208542,8.57821615
0.00397,1.72610552,8.77922118
0.00398,1.70600502,8.87972369
0.00399,1.73213567,8.77922118
0.004,1.70600502,8.980226199999997
0.0040100000000000005,1.73414572,8.77922118
0.00402,1.72610552,8.77922118
0.00403,1.71404522,8.77922118
0.00404,1.73012562,8.77922118
0.00405,1.71605527,8.82947243
0.00406,1.72610552,8.77922118
0.004070000000000001,1.72610552,8.72896992
0.004079999999999999,1.76228642,8.77922118
0.00409,1.74419597,8.980226199999997
0.0041,1.75826632,8.77922118
0.00411,1.74821607,8.77922118
0.00412,1.77032663,8.980226199999997
0.00413,1.75826632,8.77922118
0.00414,1.77032663,8.77922118
0.00415,1.77032663,8.77922118
0.0041600000000000005,1.77836683,8.57821615
0.00417,1.78037688,8.77922118
0.00418,1.75424622,8.67871866
0.00419,1.76228642,8.77922118
0.0042,1.78640703,8.980226199999997
0.00421,1.76429647,8.92997495
0.004220000000000001,1.79444723,8.77922118
0.004229999999999999,1.78640703,8.92997495
0.00424,1.77836683,8.980226199999997
0.00425,1.78841708,8.77922118
0.00426,1.79042713,8.77922118
0.00427,1.77635678,8.62846741
0.00428,1.80248743,8.980226199999997
0.00429,1.78238693,8.67871866
0.0043,1.76228642,8.77922118
0.0043100000000000005,1.79444723,8.77922118
0.00432,1.78640703,8.980226199999997
0.00433,1.79444723,8.77922118
0.00434,1.80248743,8.77922118
0.00435,1.79243718,8.62846741
0.00436,1.81856783,8.77922118
0.004370000000000001,1.80650753,8.77922118
0.004379999999999999,1.79444723,8.77922118
0.00439,1.81052763,8.72896992
0.0044,1.81856783,8.77922118
0.00441,1.81253768,8.62846741
0.00442,1.81052763,8.77922118
0.00443,1.81454773,8.77922118
0.00444,1.82660803,8.77922118
0.00445,1.80650753,8.77922118
0.00446,1.81454773,8.77922118
0.00447,1.82258793,8.77922118
0.00448,1.79444723,8.57821615
0.00449,1.82861808,8.77922118
0.0045,1.81454773,8.67871866
0.00451,1.80851758,8.62846741
0.004520000000000001,1.81856783,8.77922118
0.004529999999999999,1.80851758,8.62846741
0.00454,1.83062813,8.77922118
0.00455,1.82459798,8.77922118
0.00456,1.82660803,8.57821615
0.00457,1.83866833,8.62846741
0.00458,1.84268843,8.77922118
0.00459,1.84469848,8.57821615
0.0046,1.82660803,8.57821615
0.00461,1.84670853,8.77922118
0.00462,1.83464823,8.67871866
0.00463,1.83062813,8.72896992
0.00464,1.84268843,8.57821615
0.00465,1.83866833,8.77922118
0.00466,1.85474874,8.67871866
0.0046700000000000005,1.86077889,8.57821615
0.00468,1.85072863,8.57821615
0.00469,1.87082914,8.77922118
0.0047,1.83866833,8.57821615
0.00471,1.86077889,8.62846741
0.00472,1.86680904,8.77922118
0.00473,1.84268843,8.62846741
0.00474,1.85474874,8.67871866
0.00475,1.86881909,8.62846741
0.00476,1.85072863,8.57821615
0.00477,1.87082914,8.72896992
0.00478,1.85876884,8.77922118
0.00479,1.88288944,8.62846741
0.0048,1.85072863,8.77922118
0.00481,1.86278894,8.57821615
0.0048200000000000005,1.85876884,8.67871866
0.00483,1.87283919,8.52796489
0.00484,1.89092964,8.57821615
0.00485,1.87283919,8.57821615
0.00486,1.89896984,8.67871866
0.00487,1.87886934,8.52796489
0.00488,1.87484924,8.57821615
0.00489,1.86680904,8.57821615
0.0049,1.87484924,8.57821615
0.00491,1.89293969,8.57821615
0.00492,1.90701004,8.57821615
0.00493,1.90097989,8.42746238
0.00494,1.89494974,8.57821615
0.00495,1.89293969,8.57821615
0.00496,1.90701004,8.77922118
0.0049700000000000005,1.90902009,8.57821615
0.00498,1.89896984,8.47771364
0.00499,1.90097989,8.57821615
0.005,1.89092964,8.57821615
0.0050100000000000006,1.90701004,8.37721112
0.00502,1.88690954,8.37721112
0.00503,1.88891959,8.37721112
0.00504,1.89092964,8.37721112
0.00505,1.91103014,8.37721112
0.00506,1.91505024,8.37721112
0.00507,1.91505024,8.37721112
0.00508,1.90701004,8.37721112
0.00509,1.90298994,8.27670861
0.0051,1.89092964,8.67871866
0.00511,1.88489949,8.37721112
0.00512,1.90701004,8.37721112
0.00513,1.90298994,8.37721112
0.00514,1.91103014,8.27670861
0.00515,1.91706029,8.42746238
0.0051600000000000005,1.89092964,8.37721112
0.00517,1.92510049,8.37721112
0.00518,1.90298994,8.27670861
0.00519,1.91304019,8.37721112
0.0052,1.91505024,8.1762061
0.00521,1.90902009,8.32695987
0.005220000000000001,1.90298994,8.47771364
0.005229999999999999,1.90097989,8.32695987
0.00524,1.93917084,8.1762061
0.00525,1.92510049,8.1762061
0.00526,1.91907034,8.1762061
0.00527,1.90499999,8.22645735
0.00528,1.91505024,8.1762061
0.00529,1.91304019,8.22645735
0.0053,1.91907034,8.1762061
0.0053100000000000005,1.93314069,8.32695987
0.00532,1.92309044,8.1762061
0.00533,1.93515074,8.1762061
0.00534,1.91907034,8.1762061
0.00535,1.92108039,8.1762061
0.00536,1.93113064,8.1762061
0.005370000000000001,1.93917084,8.1762061
0.005379999999999999,1.93515074,8.07570358
0.00539,1.93314069,7.97520107
0.0054,1.91505024,7.97520107
0.00541,1.92108039,7.97520107
0.00542,1.92711054,8.1762061
0.00543,1.91505024,7.87469856
0.00544,1.92309044,7.97520107
0.00545,1.94721105,8.12595484
0.00546,1.91505024,8.07570358
0.00547,1.94721105,7.97520107
0.00548,1.92309044,7.97520107
0.00549,1.95525125,7.92494981
0.0055,1.92309044,7.87469856
0.00551,1.95927135,7.8244473
0.005520000000000001,1.93917084,7.97520107
0.005529999999999999,1.9532412,7.97520107
0.00554,1.93917084,7.97520107
0.00555,1.95927135,7.97520107
0.00556,1.94721105,7.77419604
0.00557,1.95927135,8.02545233
0.00558,1.93515074,7.77419604
0.00559,1.9411809,7.72394479
0.0056,1.93917084,7.97520107
0.00561,1.95123115,7.8244473
0.00562,1.96329145,7.87469856
0.00563,1.95123115,7.77419604
0.00564,1.94721105,7.97520107
0.00565,1.9532412,7.77419604
0.00566,1.95525125,7.77419604
0.0056700000000000006,1.95927135,7.62344227
0.005679999999999999,1.95525125,7.77419604
0.00569,1.9653015,7.72394479
0.0057,1.95927135,7.57319102
0.00571,1.9612814,7.72394479
0.00572,1.94721105,7.77419604
0.00573,1.9653015,7.62344227
0.00574,1.94319095,7.67369353
0.00575,1.95927135,7.72394479
0.00576,1.95525125,7.37218599
0.00577,1.9532412,7.4726884999999985
0.00578,1.96329145,7.4726884999999985
0.00579,1.9612814,7.57319102
0.0058,1.93917084,7.37218599
0.00581,1.9612814,7.52293976
0.0058200000000000005,1.95525125,7.37218599
0.00583,1.93917084,7.57319102
0.00584,1.94721105,7.37218599
0.00585,1.9693216,7.37218599
0.00586,1.95123115,7.57319102
0.00587,1.95123115,7.42243725
0.00588,1.95525125,7.17118096
0.00589,1.93917084,7.52293976
0.0059,1.94721105,7.37218599
0.00591,1.9572613,7.22143222
0.00592,1.93917084,7.37218599
0.00593,1.96329145,7.32193473
0.00594,1.94721105,7.27168348
0.00595,1.9572613,7.22143222
0.00596,1.97133165,7.17118096
0.0059700000000000005,1.95525125,7.22143222
0.00598,1.95525125,6.97017594
0.00599,1.93917084,7.22143222
0.006,1.97133165,6.97017594
0.00601,1.95927135,7.17118096
0.00602,1.93515074,6.97017594
0.00603,1.95927135,6.91992468
0.00604,1.93917084,6.97017594
0.00605,1.96329145,7.07067845
0.00606,1.95123115,6.86967342
0.00607,1.9411809,6.81942217
0.00608,1.96329145,6.97017594
0.00609,1.95927135,6.97017594
0.0061,1.96329145,6.76917091
0.00611,1.945201,6.71891965
0.00612,1.95525125,6.76917091
0.00613,1.93113064,6.81942217
0.00614,1.93515074,6.6686684000000005
0.00615,1.9612814,6.61841714
0.0061600000000000005,1.95525125,6.56816588
0.00617,1.9653015,6.56816588
0.00618,1.94319095,6.56816588
0.00619,1.93314069,6.41741211
0.0062,1.93113064,6.36716086
0.00621,1.95123115,6.56816588
0.006220000000000001,1.95123115,6.36716086
0.006229999999999999,1.95123115,6.36716086
0.00624,1.95525125,6.36716086
0.00625,1.9572613,6.36716086
0.00626,1.94319095,6.36716086
0.00627,1.9532412,6.16615583
0.00628,1.93113064,6.36716086
0.00629,1.9492211,6.3169096
0.0063,1.93515074,6.16615583
0.0063100000000000005,1.92912059,6.16615583
0.00632,1.93917084,6.36716086
0.00633,1.92912059,5.9651508
0.00634,1.94721105,6.06565332
0.00635,1.92912059,5.9651508
0.00636,1.94721105,5.9651508
0.006370000000000001,1.93917084,5.9651508
0.006379999999999999,1.92711054,5.9651508
0.00639,1.92108039,5.81439703
0.0064,1.92309044,5.9651508
0.006409999999999999,1.93314069,5.81439703
0.00642,1.95525125,5.86464829
0.00643,1.95123115,5.76414578
0.00644,1.96329145,5.76414578
0.00645,1.95525125,5.61339201
0.00646,1.93113064,5.66364326
0.00647,1.94319095,5.71389452
0.00648,1.95525125,5.76414578
0.006490000000000001,1.92309044,5.56314075
0.0065,1.94319095,5.56314075
0.006509999999999999,1.94721105,5.56314075
0.006520000000000001,1.92309044,5.56314075
0.006529999999999999,1.91505024,5.56314075
0.006540000000000001,1.93515074,5.56314075
0.00655,1.92912059,5.56314075
0.00656,1.93113064,5.36213572
0.00657,1.92510049,5.31188447
0.00658,1.92711054,5.1611307
0.00659,1.91304019,5.46263824
0.0066,1.91505024,5.1611307
0.00661,1.92309044,5.31188447
0.00662,1.91505024,5.26163321
0.00663,1.91706029,5.1611307
0.006640000000000001,1.90701004,5.1611307
0.00665,1.92108039,5.1611307
0.006659999999999999,1.92309044,5.06062818
0.006670000000000001,1.92108039,4.96012567
0.006679999999999999,1.90701004,4.96012567
0.006690000000000001,1.91304019,5.01037693
0.0067,1.89494974,4.85962316
0.00671,1.89896984,4.96012567
0.00672,1.91505024,4.96012567
0.00673,1.89494974,4.90987441
0.00674,1.88288944,4.85962316
0.00675,1.91103014,4.96012567
0.00676,1.87484924,4.75912064
0.00677,1.89695979,4.70886939
0.00678,1.88288944,4.65861813
0.006790000000000001,1.88087939,4.55811562
0.0068,1.88288944,4.75912064
0.006809999999999999,1.87484924,4.50786436
0.0068200000000000005,1.90298994,4.75912064
0.00683,1.88891959,4.75912064
0.006840000000000001,1.88288944,4.55811562
0.00685,1.88690954,4.50786436
0.00686,1.87886934,4.55811562
0.00687,1.90701004,4.70886939
0.00688,1.89896984,4.35711059
0.00689,1.88690954,4.50786436
0.0069,1.86278894,4.4576131
0.00691,1.89092964,4.35711059
0.00692,1.85876884,4.35711059
0.00693,1.87886934,4.35711059
0.006940000000000001,1.88288944,4.35711059
0.00695,1.88489949,4.20635682
0.006959999999999999,1.88288944,4.35711059
0.0069700000000000005,1.85876884,4.30685933
0.00698,1.87886934,4.25660808
0.0069900000000000006,1.86077889,4.15610556
0.006999999999999999,1.85072863,3.95510054
0.00701,1.87082914,4.30685933
0.00702,1.86680904,4.05560305
0.00703,1.85474874,4.10585431
0.00704,1.85876884,3.95510054
0.00705,1.86479899,4.15610556
0.00706,1.84670853,4.05560305
0.00707,1.83464823,3.95510054
0.00708,1.83464823,4.15610556
0.007090000000000002,1.85474874,3.95510054
0.0071,1.85876884,4.05560305
0.007109999999999998,1.83464823,3.80434677
0.007120000000000001,1.84268843,3.75409551
0.00713,1.82660803,3.80434677
0.007140000000000001,1.85072863,3.85459802
0.00715,1.84670853,3.80434677
0.00716,1.84268843,3.95510054
0.00717,1.85876884,3.80434677
0.00718,1.85474874,3.653593
0.00719,1.84067838,3.55309048
0.0072,1.82660803,3.55309048
0.0072099999999999985,1.85675879,3.75409551
0.00722,1.84670853,3.75409551
0.007229999999999999,1.81856783,3.55309048
0.007240000000000002,1.84268843,3.55309048
0.00725,1.82258793,3.50283923
0.007259999999999998,1.84268843,3.45258797
0.00727,1.82459798,3.40233671
0.00728,1.82660803,3.55309048
0.00729,1.82057788,3.50283923
0.0073,1.82660803,3.25158294
0.00731,1.83464823,3.35208546
0.00732,1.83464823,3.35208546
0.00733,1.80449748,3.20133169
0.00734,1.82258793,3.15108043
0.00735,1.80650753,3.15108043
0.0073599999999999985,1.81856783,3.35208546
0.0073700000000000015,1.80047738,3.20133169
0.0073799999999999985,1.80248743,3.15108043
0.007390000000000002,1.80449748,3.10082917
0.0074,1.81856783,2.9500754
0.007409999999999998,1.79444723,3.00032666
0.00742,1.79846733,3.15108043
0.00743,1.79846733,3.00032666
0.00744,1.77836683,2.9500754
0.00745,1.80248743,2.9500754
0.00746,1.79846733,2.9500754
0.00747,1.77836683,2.9500754
0.00748,1.78640703,2.9500754
0.007490000000000002,1.78841708,2.79932163
0.0075,1.77836683,2.9500754
0.0075099999999999984,1.79645728,2.74907038
0.0075200000000000015,1.76228642,2.9500754
0.0075299999999999985,1.78238693,2.74907038
0.0075400000000000016,1.77434673,2.54806535
0.00755,1.76630653,2.74907038
0.007559999999999998,1.76228642,2.54806535
0.00757,1.74821607,2.54806535
0.00758,1.76630653,2.54806535
0.00759,1.78439698,2.54806535
0.0076,1.74620602,2.54806535
0.00761,1.76027637,2.49781409
0.00762,1.76630653,2.44756284
0.00763,1.74218592,2.44756284
0.007640000000000002,1.75424622,2.34706032
0.00765,1.76831658,2.34706032
0.007659999999999998,1.75424622,2.34706032
0.0076700000000000015,1.75424622,2.29680907
0.0076799999999999985,1.75424622,2.54806535
0.0076900000000000015,1.73615577,2.04555278
0.0077,1.75022612,2.34706032
0.00771,1.73615577,2.1460553
0.00772,1.74620602,2.1460553
0.00773,1.73012562,2.09580404
0.00774,1.73012562,2.04555278
0.00775,1.74017587,1.94505027
0.007759999999999999,1.73816582,1.94505027
0.00777,1.71806532,2.09580404
0.00778,1.73012562,1.94505027
0.007790000000000002,1.72610552,2.09580404
0.0078,1.72208542,1.74404524
0.007809999999999998,1.73213567,1.59329147
0.00782,1.71806532,1.84454776
0.00783,1.70399497,1.7942965
0.00784,1.73012562,1.74404524
0.00785,1.70399497,1.54304022
0.007859999999999999,1.69796482,1.64354273
0.00787,1.70600502,1.54304022
0.00788,1.68992462,1.54304022
0.007890000000000001,1.69796482,1.49278896
0.0079,1.71002512,1.54304022
0.007909999999999999,1.69796482,1.34203519
0.00792,1.70600502,1.34203519
0.00793,1.69796482,1.49278896
0.007940000000000001,1.69394472,1.34203519
0.00795,1.72208542,1.49278896
0.00796,1.71404522,1.34203519
0.00797,1.68188442,1.14103016
0.00798,1.68188442,1.34203519
0.00799,1.68188442,1.14103016
0.008,1.67384421,1.14103016
0.00801,1.67384421,0.99027639
0.008020000000000001,1.70600502,1.04052765
0.008029999999999999,1.67786431,1.09077891
0.00804,1.66580401,0.94002514
0.00805,1.67786431,0.94002514
0.00806,1.68590452,0.83952262
0.00807,1.69796482,0.73902011
0.00808,1.68992462,0.94002514
0.00809,1.67786431,0.73902011
0.0081,1.65374371,0.94002514
0.00811,1.65173366,0.73902011
0.00812,1.66580401,0.73902011
0.00813,1.66781406,0.73902011
0.008140000000000001,1.66982411,0.6385175999999999
0.00815,1.64972361,0.73902011
0.008159999999999999,1.65776381,0.53801508
0.00817,1.67384421,0.53801508
0.00818,1.64570351,0.53801508
0.008190000000000001,1.66379396,0.53801508
0.0082,1.65776381,0.53801508
0.00821,1.64168341,0.33701006
0.00822,1.66178391,0.43751257
0.00823,1.62761306,0.33701006
0.00824,1.65776381,0.13600503
0.00825,1.63364321,0.13600503
0.00826,1.65374371,0.23650754
0.00827,1.65575376,0.13600503
0.00828,1.62560301,-0.065
0.00829,1.63766331,0.18625629
0.0083,1.63766331,0.03550252
0.00831,1.62359296,0.08575377
0.008320000000000001,1.62560301,-0.065
0.008329999999999999,1.61555276,0.08575377
0.00834,1.60550251,0.03550252
0.00835,1.60952261,0.08575377
0.00836,1.60952261,-0.26600502
0.00837,1.60349246,-0.11525125
0.00838,1.61354271,-0.065
0.00839,1.60148241,-0.16550251
0.0084,1.62560301,-0.26600502
0.008409999999999999,1.60550251,-0.26600502
0.00842,1.60952261,-0.16550251
0.00843,1.61153266,-0.26600502
0.008440000000000001,1.59344221,-0.46701005
0.00845,1.61153266,-0.16550251
0.008459999999999999,1.5813819,-0.36650754
0.00847,1.60751256,-0.46701005
0.00848,1.5773618,-0.46701005
0.008490000000000001,1.60349246,-0.66801508
0.0085,1.59746231,-0.36650754
0.00851,1.5693216,-0.46701005
0.00852,1.60952261,-0.66801508
0.00853,1.59545226,-0.46701005
0.00854,1.585402,-0.56751256
0.00855,1.5612814,-0.66801508
0.00856,1.585402,-0.66801508
0.00857,1.55525125,-0.61776382
0.008579999999999999,1.5813819,-0.66801508
0.00859,1.585402,-0.61776382
0.0086,1.5693216,-0.46701005
0.00861,1.585402,-0.66801508
0.008620000000000001,1.5612814,-0.8690201
0.00863,1.55123115,-0.81876885
0.00864,1.545201,-0.8690201
0.00865,1.54721105,-1.01977387
0.00866,1.5733416999999998,-0.8690201
0.00867,1.5693216,-1.07002513
0.00868,1.5612814,-1.07002513
0.00869,1.55927135,-1.07002513
0.0087,1.5411809,-1.07002513
0.008709999999999999,1.5291206,-0.91927136
0.00872,1.5291206,-1.27103016
0.00873,1.55927135,-1.07002513
0.008740000000000001,1.5733416999999998,-1.17052764
0.00875,1.56329145,-1.27103016
0.008759999999999999,1.5532412,-1.27103016
0.00877,1.54721105,-1.12027639
0.00878,1.5492211,-1.37153267
0.008790000000000001,1.55525125,-1.27103016
0.0088,1.5532412,-1.47203518
0.00881,1.53917085,-1.47203518
0.00882,1.545201,-1.27103016
0.00883,1.53113065,-1.62278895
0.00884,1.5371608,-1.47203518
0.00885,1.51907035,-1.67304021
0.00886,1.5210803999999998,-1.5725377
0.008870000000000001,1.53113065,-1.52228644
0.008879999999999999,1.5130402,-1.67304021
0.00889,1.5291206,-1.82379398
0.0089,1.5090201,-1.87404524
0.00891,1.49896984,-2.02479901
0.00892,1.505,-1.87404524
0.00893,1.51505025,-1.92429649
0.00894,1.5291206,-1.87404524
0.00895,1.49293969,-2.02479901
0.00896,1.5130402,-1.87404524
0.00897,1.5251005,-2.02479901
0.00898,1.49695979,-2.27605529
0.00899,1.49092964,-2.12530152
0.009000000000000001,1.505,-2.07505026
0.00901,1.47886934,-2.27605529
0.00902,1.50097989,-2.27605529
0.00903,1.48690954,-2.42680906
0.00904,1.5130402,-2.07505026
0.00905,1.50701005,-2.42680906
0.00906,1.49293969,-2.3765578
0.00907,1.48489949,-2.47706032
0.00908,1.48891959,-2.47706032
0.00909,1.49896984,-2.47706032
0.0091,1.48087939,-2.67806534
0.00911,1.47886934,-2.67806534
0.00912,1.46479899,-2.67806534
0.00913,1.49695979,-2.62781409
0.00914,1.47685929,-2.67806534
0.00915,1.48891959,-2.87907037
0.00916,1.45675879,-2.67806534
0.00917,1.47082914,-2.87907037
0.00918,1.48489949,-2.87907037
0.00919,1.47685929,-2.87907037
0.0092,1.48891959,-2.87907037
0.00921,1.45876884,-2.82881911
0.00922,1.47685929,-2.77856786
0.00923,1.47484924,-2.92932163
0.00924,1.48891959,-3.0800754
0.00925,1.46680904,-3.23082917
0.00926,1.44871859,-3.28108042
0.00927,1.46680904,-3.0800754
0.00928,1.48087939,-3.28108042
0.00929,1.46680904,-3.13032665
0.0093,1.46479899,-3.18057791
0.00931,1.46479899,-3.28108042
0.00932,1.43263819,-3.28108042
0.00933,1.44670854,-3.28108042
0.00934,1.44067839,-3.28108042
0.00935,1.44067839,-3.43183419
0.00936,1.46479899,-3.48208545
0.00937,1.44067839,-3.48208545
0.00938,1.45273869,-3.48208545
0.00939,1.43866834,-3.33133168
0.0094,1.44871859,-3.68309048
0.00941,1.45072864,-3.53233671
0.00942,1.45273869,-3.68309048
0.00943,1.44670854,-3.63283922
0.00944,1.46479899,-3.8840955
0.00945,1.42660804,-3.53233671
0.00946,1.42057789,-3.68309048
0.00947,1.43665829,-3.73334173
0.00948,1.43263819,-3.68309048
0.00949,1.46680904,-3.8840955
0.0095,1.44067839,-3.8840955
0.00951,1.45876884,-3.83384425
0.00952,1.43263819,-3.8840955
0.00953,1.43464824,-3.83384425
0.00954,1.42459799,-4.08510053
0.00955,1.42258794,-4.08510053
0.00956,1.44871859,-4.08510053
0.00957,1.45072864,-3.93434676
0.00958,1.43263819,-3.8840955
0.00959,1.44469849,-4.03484927
0.0096,1.42459799,-4.28610556
0.00961,1.43062814,-3.8840955
0.00962,1.42057789,-4.18560305
0.00963,1.42459799,-4.2358543
0.00964,1.43263819,-4.28610556
0.00965,1.41856784,-4.43685933
0.00966,1.43665829,-4.18560304
0.00967,1.43665829,-4.2358543
0.00968,1.40047738,-4.28610556
0.00969,1.42660804,-4.28610556
0.0097,1.41253768,-4.18560304
0.00971,1.41454773,-4.2358543
0.00972,1.43263819,-4.28610556
0.00973,1.42861809,-4.5876131
0.00974,1.40851758,-4.38660807
0.00975,1.39846733,-4.63786435
0.00976,1.40851758,-4.28610556
0.00977,1.40650753,-4.48711058
0.00978,1.39645728,-4.68811561
0.00979,1.38640703,-4.68811561
0.0098,1.42459799,-4.48711058
0.00981,1.41052763,-4.63786436
0.00982,1.41253768,-4.68811561
0.00983,1.38640703,-4.73836687
0.00984,1.41655779,-4.68811561
0.00985,1.40851758,-4.88912064
0.00986,1.41655779,-4.68811561
0.00987,1.40650753,-4.73836687
0.00988,1.41655779,-4.88912064
0.00989,1.40449748,-4.88912064
0.0099,1.40047738,-5.09012567
0.00991,1.38439698,-4.83886938
0.00992,1.39243718,-4.68811561
0.00993,1.37836683,-5.09012567
0.00994,1.39243718,-4.88912064
0.00995,1.40851758,-5.03987441
0.00996,1.40047738,-5.09012567
0.00997,1.39846733,-5.09012567
0.00998,1.39243718,-5.19062818
0.00999,1.40047738,-5.24087943
0.01,1.40047738,-5.29113069
0.01001,1.38439698,-5.19062818
0.01002,1.38037688,-5.19062818
0.01003,1.38640703,-5.44188446
0.01004,1.39243718,-5.29113069
0.01005,1.41052763,-5.34138195
0.01006,1.38439698,-5.29113069
0.01007,1.40248743,-5.34138195
0.01008,1.38439698,-5.29113069
0.01009,1.37635678,-5.29113069
0.0101,1.38037688,-5.49213572
0.01011,1.38238693,-5.34138195
0.01012,1.40851758,-5.49213572
0.01013,1.39444723,-5.29113069
0.01014,1.38439698,-5.49213572
0.01015,1.40047738,-5.49213572
0.01016,1.37635678,-5.49213572
0.01017,1.40449748,-5.49213572
0.01018,1.39243718,-5.59263823
0.01019,1.39645728,-5.49213572
0.0102,1.40851758,-5.49213572
0.01021,1.39243718,-5.64288949
0.01022,1.39243718,-5.59263823
0.01023,1.37836683,-5.69314075
0.01024,1.40851758,-5.69314075
0.01025,1.38238693,-5.59263823
0.01026,1.40047738,-5.69314075
0.01027,1.41655779,-5.743392
0.01028,1.38439698,-5.89414577
0.01029,1.41856784,-6.0951508
0.0103,1.38841708,-5.69314075
0.01031,1.41454773,-5.743392
0.01032,1.40851758,-5.89414577
0.01033,1.41655779,-6.04489954
0.01034,1.40449748,-5.99464829
0.01035,1.41052763,-6.0951508
0.01036,1.39243718,-6.0951508
0.01037,1.40851758,-6.24590457
0.01038,1.41253768,-6.0951508
0.01039,1.40248743,-6.14540206
0.0104,1.41655779,-6.0951508
0.01041,1.39645728,-6.14540206
0.01042,1.40047738,-6.19565331
0.01043,1.41856784,-6.14540206
0.01044,1.41655779,-6.29615583
0.01045,1.39444723,-6.34640708
0.01046,1.41655779,-6.29615583
0.01047,1.38640703,-6.4469096
0.01048,1.39243718,-6.29615583
0.01049,1.39846733,-6.4469096
0.0105,1.40047738,-6.49716085
0.01051,1.41655779,-6.4469096
0.01052,1.40851758,-6.49716085
0.01053,1.39846733,-6.49716085
0.01054,1.40449748,-6.59766337
0.01055,1.41856784,-6.64791462
0.01056,1.40851758,-6.49716085
0.01057,1.42258794,-6.54741211
0.01058,1.42459799,-6.79866839
0.01059,1.41655779,-6.69816588
0.0106,1.40851758,-6.89917091
0.01061,1.42258794,-6.69816588
0.01062,1.42861809,-6.69816588
0.01063,1.39846733,-6.89917091
0.01064,1.43263819,-6.89917091
0.01065,1.41856784,-6.94942216
0.01066,1.41253768,-6.79866839
0.01067,1.43062814,-7.04992468
0.01068,1.40047738,-6.89917091
0.01069,1.41655779,-7.04992468
0.0107,1.40449748,-6.99967342
0.01071,1.41655779,-7.10017593
0.01072,1.42459799,-7.10017593
0.01073,1.42057789,-7.04992468
0.01074,1.41253768,-6.89917091
0.01075,1.41454773,-7.10017593
0.01076,1.44067839,-7.10017593
0.01077,1.43062814,-7.15042719
0.01078,1.43263819,-7.20067845
0.01079,1.43263819,-7.2509297
0.0108,1.44067839,-6.89917091
0.01081,1.41052763,-7.2509297
0.01082,1.43665829,-7.20067845
0.01083,1.44268844,-7.15042719
0.01084,1.41655779,-7.30118096
0.01085,1.42660804,-7.35143222
0.01086,1.44067839,-7.30118096
0.01087,1.44871859,-7.35143222
0.01088,1.42459799,-7.50218599
0.01089,1.42660804,-7.50218599
0.0109,1.42861809,-7.50218599
0.01091,1.43464824,-7.50218599
0.01092,1.44871859,-7.50218599
0.01093,1.45675879,-7.55243724
0.01094,1.43263819,-7.602688499999997
0.01095,1.45072864,-7.50218599
0.01096,1.46479899,-7.70319101
0.01097,1.43464824,-7.65293976
0.01098,1.44871859,-7.50218599
0.01099,1.45474874,-7.65293976
0.011,1.43263819,-7.70319101
0.01101,1.43866834,-7.70319101
0.01102,1.48489949,-7.70319101
0.01103,1.48891959,-7.55243724
0.01104,1.48891959,-7.70319101
0.01105,1.47484924,-7.90419604
0.01106,1.47685929,-7.80369353
0.01107,1.47082914,-7.70319101
0.01108,1.48891959,-7.90419604
0.01109,1.47886934,-7.90419604
0.0111,1.46479899,-7.90419604
0.01111,1.47685929,-7.90419604
0.01112,1.47283919,-7.90419604
0.01113,1.49494974,-8.05494981
0.01114,1.46479899,-8.00469855
0.01115,1.49293969,-8.05494981
0.01116,1.48087939,-7.90419604
0.01117,1.47082914,-8.00469855
0.01118,1.48087939,-8.10520107
0.01119,1.48489949,-8.05494981
0.0112,1.49695979,-8.10520107
0.01121,1.48087939,-8.10520107
0.01122,1.47685929,-8.00469855
0.01123,1.47484924,-8.10520107
0.01124,1.505,-8.10520107
0.01125,1.5090201,-8.20570358
0.01126,1.505,-8.30620609
0.01127,1.49293969,-8.10520107
0.01128,1.5130402,-7.90419604
0.01129,1.48891959,-8.00469855
0.0113,1.5090201,-8.10520107
0.01131,1.52309045,-8.00469855
0.01132,1.5130402,-8.30620609
0.01133,1.5090201,-8.00469855
0.01134,1.5291206,-8.30620609
0.01135,1.505,-8.25595484
0.01136,1.505,-8.30620609
0.01137,1.51103015,-8.30620609
0.01138,1.5170603,-8.30620609
0.01139,1.52309045,-8.30620609
0.0114,1.5371608,-8.30620609
0.01141,1.5251005,-8.25595484
0.01142,1.5170603,-8.30620609
0.01143,1.5210803999999998,-8.00469855
0.01144,1.5291206,-8.50721112
0.01145,1.5411809,-8.15545232
0.01146,1.5291206,-8.40670861
0.01147,1.55927135,-8.40670861
0.01148,1.5291206,-8.30620609
0.01149,1.54319095,-8.30620609
0.0115,1.5492211,-8.40670861
0.01151,1.54319095,-8.50721112
0.01152,1.5612814,-8.30620609
0.01153,1.5411809,-8.45695986
0.01154,1.5733416999999998,-8.50721112
0.01155,1.5693216,-8.35645735
0.01156,1.5612814,-8.50721112
0.01157,1.54721105,-8.30620609
0.01158,1.5612814,-8.40670861
0.01159,1.585402,-8.50721112
0.0116,1.545201,-8.50721112
0.01161,1.5572613000000002,-8.50721112
0.01162,1.5612814,-8.40670861
0.01163,1.585402,-8.40670861
0.01164,1.5773618,-8.30620609
0.01165,1.57133165,-8.55746238
0.01166,1.585402,-8.50721112
0.01167,1.59545226,-8.50721112
0.01168,1.59344221,-8.50721112
0.01169,1.57937185,-8.50721112
0.0117,1.585402,-8.40670861
0.01171,1.59746231,-8.55746238
0.01172,1.60952261,-8.50721112
0.01173,1.5894221000000002,-8.55746238
0.01174,1.60148241,-8.60771363
0.01175,1.585402,-8.65796489
0.01176,1.59344221,-8.50721112
0.01177,1.61957286,-8.55746238
0.01178,1.59746231,-8.60771363
0.01179,1.60550251,-8.50721112
0.0118,1.60148241,-8.70821615
0.01181,1.61153266,-8.70821615
0.01182,1.62158291,-8.60771363
0.01183,1.62560301,-8.7584674
0.01184,1.64972361,-8.50721112
0.01185,1.63766331,-8.70821615
0.01186,1.64168341,-8.60771363
0.01187,1.64369346,-8.70821615
0.01188,1.64972361,-8.70821615
0.01189,1.65575376,-8.65796489
0.0119,1.63766331,-8.70821615
0.01191,1.65173366,-8.70821615
0.01192,1.65776381,-8.70821615
0.01193,1.63967336,-8.65796489
0.01194,1.63766331,-8.90922117
0.01195,1.66580401,-8.70821615
0.01196,1.63364321,-8.90922117
0.01197,1.67183416,-8.7584674
0.01198,1.64570351,-8.60771363
0.01199,1.66781406,-8.7584674
0.012,1.66580401,-8.90922117
0.01201,1.66982411,-8.90922117
0.01202,1.66178391,-8.70821615
0.01203,1.66781406,-8.85896992
0.01204,1.66580401,-8.70821615
0.01205,1.67585426,-8.90922117
0.01206,1.66178391,-9.00972369
0.01207,1.68389447,-8.85896992
0.01208,1.65776381,-8.90922117
0.01209,1.68590452,-8.70821615
0.0121,1.67786431,-8.80871866
0.01211,1.67585426,-8.90922117
0.01212,1.67384421,-8.70821615
0.01213,1.69394472,-8.85896992
0.01214,1.68188442,-8.70821615
0.01215,1.69193467,-8.60771363
0.01216,1.69796482,-8.90922117
0.01217,1.69193467,-9.00972369
0.01218,1.68188442,-8.80871866
0.01219,1.67585426,-8.85896992
0.0122,1.70600502,-8.50721112
0.01221,1.71203517,-8.90922117
0.01222,1.70198492,-8.70821615
0.01223,1.72409547,-8.7584674
0.01224,1.71404522,-8.90922117
0.01225,1.71002512,-8.85896992
0.01226,1.70198492,-8.80871866
0.01227,1.71203517,-8.85896992
0.01228,1.73012562,-8.70821615
0.01229,1.70801507,-8.90922117
0.0123,1.71806532,-8.80871866
0.01231,1.72208542,-9.05997494
0.01232,1.70600502,-8.50721112
0.01233,1.73012562,-8.90922117
0.01234,1.73414572,-8.80871866
0.01235,1.73615577,-8.90922117
0.01236,1.74620602,-8.90922117
0.01237,1.74821607,-8.85896992
0.01238,1.73816582,-8.90922117
0.01239,1.74620602,-8.70821615
0.0124,1.75424622,-8.70821615
0.01241,1.74218592,-8.65796489
0.01242,1.74218592,-8.90922117
0.01243,1.73615577,-8.90922117
0.01244,1.75424622,-8.90922117
0.01245,1.73615577,-8.7584674
0.01246,1.74218592,-8.80871866
0.01247,1.73816582,-8.90922117
0.01248,1.77032663,-8.70821615
0.01249,1.75022612,-8.90922117
0.0125,1.76228642,-8.80871866
0.01251,1.75223617,-8.45695986
0.01252,1.77836683,-8.90922117
0.01253,1.78238693,-8.7584674
0.01254,1.75424622,-8.90922117
0.01255,1.78640703,-8.90922117
0.01256,1.77836683,-8.70821615
0.01257,1.76027637,-8.7584674
0.01258,1.79042713,-8.90922117
0.01259,1.81052763,-8.80871866
0.0126,1.81052763,-8.90922117
0.01261,1.79042713,-8.90922117
0.01262,1.77836683,-8.90922117
0.01263,1.78439698,-8.85896992
0.01264,1.80248743,-8.90922117
0.01265,1.80851758,-8.60771363
0.01266,1.78640703,-8.80871866
0.01267,1.79243718,-8.85896992
0.01268,1.81856783,-8.90922117
0.01269,1.81052763,-8.85896992
0.0127,1.79846733,-8.80871866
0.01271,1.78841708,-8.85896992
0.01272,1.81856783,-8.90922117
0.01273,1.81253768,-9.00972369
0.01274,1.80248743,-8.70821615
0.01275,1.80851758,-8.90922117
0.01276,1.80248743,-8.70821615
0.01277,1.79846733,-8.85896992
0.01278,1.81454773,-8.70821615
0.01279,1.80851758,-8.65796489
0.0128,1.81856783,-8.90922117
0.01281,1.80851758,-8.7584674
0.012819999999999998,1.79846733,-8.70821615
0.01283,1.81253768,-8.7584674
0.01284,1.81052763,-8.90922117
0.01285,1.82057788,-8.65796489
0.01286,1.82660803,-8.80871866
0.01287,1.81052763,-8.70821615
0.01288,1.81856783,-8.70821615
0.01289,1.84469848,-8.70821615
0.0129,1.83866833,-8.90922117
0.01291,1.81856783,-8.7584674
0.01292,1.82660803,-8.90922117
0.01293,1.83263818,-8.70821615
0.01294,1.83866833,-8.70821615
0.01295,1.85072863,-8.85896992
0.01296,1.85876884,-8.70821615
0.01297,1.85876884,-8.85896992
0.012980000000000002,1.82660803,-8.70821615
0.01299,1.82861808,-8.85896992
0.013,1.84268843,-8.90922117
0.01301,1.87283919,-8.70821615
0.01302,1.85474874,-8.80871866
0.013030000000000002,1.84268843,-8.70821615
0.01304,1.83464823,-8.70821615
0.01305,1.85072863,-8.70821615
0.01306,1.83866833,-8.70821615
0.013069999999999998,1.87484924,-8.7584674
0.01308,1.88288944,-8.50721112
0.01309,1.84871858,-8.85896992
0.0131,1.85474874,-8.80871866
0.01311,1.87082914,-8.70821615
0.01312,1.85072863,-8.50721112
0.01313,1.87685929,-8.70821615
0.01314,1.87082914,-8.70821615
0.01315,1.87283919,-8.65796489
0.01316,1.85876884,-8.50721112
0.01317,1.88087939,-8.65796489
0.01318,1.86680904,-8.60771363
0.01319,1.87886934,-8.70821615
0.0132,1.86680904,-8.50721112
0.01321,1.89695979,-8.45695986
0.01322,1.88690954,-8.40670861
0.01323,1.86077889,-8.50721112
0.01324,1.87484924,-8.70821615
0.01325,1.87685929,-8.50721112
0.01326,1.90298994,-8.50721112
0.01327,1.87283919,-8.70821615
0.013280000000000002,1.89896984,-8.70821615
0.01329,1.90701004,-8.65796489
0.0133,1.87886934,-8.50721112
0.01331,1.88288944,-8.65796489
0.01332,1.89092964,-8.50721112
0.013330000000000002,1.91505024,-8.55746238
0.01334,1.89494974,-8.50721112
0.01335,1.91505024,-8.30620609
0.01336,1.89092964,-8.30620609
0.013369999999999998,1.90097989,-8.30620609
0.01338,1.90298994,-8.40670861
0.01339,1.88288944,-8.50721112
0.0134,1.91505024,-8.30620609
0.01341,1.89494974,-8.50721112
0.01342,1.90701004,-8.50721112
0.01343,1.89896984,-8.30620609
0.01344,1.93113064,-8.50721112
0.01345,1.91907034,-8.30620609
0.01346,1.90701004,-8.30620609
0.01347,1.90701004,-8.50721112
0.01348,1.93113064,-8.30620609
0.01349,1.91907034,-8.45695986
0.0135,1.92309044,-8.30620609
0.01351,1.91907034,-8.35645735
0.01352,1.93917084,-8.30620609
0.01353,1.92510049,-8.30620609
0.01354,1.93113064,-8.20570358
0.01355,1.93113064,-8.30620609
0.01356,1.90701004,-8.30620609
0.01357,1.93113064,-8.30620609
0.013580000000000002,1.91907034,-8.20570358
0.01359,1.92510049,-8.30620609
0.0136,1.94721105,-8.10520107
0.01361,1.945201,-8.10520107
0.013619999999999998,1.92711054,-8.40670861
0.01363,1.93716079,-8.30620609
0.01364,1.92309044,-8.10520107
0.01365,1.92510049,-8.15545232
0.01366,1.92711054,-8.30620609
0.013669999999999998,1.93113064,-8.10520107
0.01368,1.93113064,-7.90419604
0.01369,1.93917084,-7.9544473
0.0137,1.92711054,-8.20570358
0.01371,1.945201,-7.9544473
0.01372,1.94721105,-8.30620609
0.01373,1.93113064,-8.10520107
0.01374,1.92309044,-8.20570358
0.01375,1.95525125,-8.05494981
0.01376,1.94721105,-8.10520107
0.01377,1.92309044,-8.05494981
0.01378,1.92309044,-8.00469855
0.01379,1.91505024,-8.10520107
0.0138,1.91505024,-7.90419604
0.01381,1.9411809,-7.9544473
0.01382,1.93515074,-7.80369353
0.01383,1.93113064,-8.05494981
0.01384,1.95525125,-7.90419604
0.01385,1.9411809,-7.90419604
0.01386,1.95123115,-7.90419604
0.01387,1.9572613,-7.90419604
0.013880000000000002,1.93113064,-7.90419604
0.01389,1.9411809,-7.75344227
0.0139,1.93917084,-7.70319101
0.01391,1.95123115,-7.90419604
0.013919999999999998,1.96329145,-7.90419604
0.01393,1.93314069,-7.75344227
0.01394,1.95525125,-7.80369353
0.01395,1.94319095,-7.90419604
0.01396,1.92309044,-7.70319101
0.013969999999999998,1.9572613,-7.70319101
0.01398,1.95525125,-7.70319101
0.01399,1.9532412,-7.75344227
0.014,1.93917084,-7.70319101
0.01401,1.92309044,-7.65293976
0.01402,1.95927135,-7.70319101
0.01403,1.94319095,-7.65293976
0.01404,1.94721105,-7.70319101
0.01405,1.96329145,-7.55243724
0.01406,1.94319095,-7.602688499999997
0.01407,1.95525125,-7.70319101
0.01408,1.95525125,-7.70319101
0.01409,1.9572613,-7.70319101
0.0141,1.95525125,-7.602688499999997
0.01411,1.9532412,-7.50218599
0.01412,1.95525125,-7.50218599
0.014130000000000004,1.96731155,-7.45193473
0.01414,1.93917084,-7.50218599
0.01415,1.9411809,-7.50218599
0.01416,1.97937185,-7.50218599
0.01417,1.9733417,-7.35143222
0.014180000000000003,1.95525125,-7.50218599
0.01419,1.9532412,-7.50218599
0.0142,1.94721105,-7.10017593
0.01421,1.94721105,-7.45193473
0.014219999999999997,1.96731155,-7.40168347
0.01423,1.9532412,-7.35143222
0.01424,1.95525125,-7.10017593
0.01425,1.97133165,-7.35143222
0.01426,1.95927135,-7.40168347
0.01427,1.9653015,-7.30118096
0.01428,1.94721105,-7.10017593
0.01429,1.97133165,-7.10017593
0.0143,1.94721105,-7.20067845
0.01431,1.945201,-7.30118096
0.01432,1.96329145,-7.10017593
0.01433,1.94319095,-7.10017593
0.01434,1.95123115,-7.10017593
0.01435,1.95927135,-7.15042719
0.01436,1.93917084,-6.89917091
0.01437,1.9653015,-6.89917091
0.01438,1.95123115,-7.10017593
0.01439,1.94319095,-6.74841714
0.0144,1.95525125,-6.69816588
0.01441,1.9411809,-6.79866839
0.01442,1.95123115,-6.89917091
0.014430000000000004,1.94319095,-6.54741211
0.01444,1.94721105,-6.89917091
0.01445,1.9572613,-6.69816588
0.01446,1.95927135,-6.69816588
0.014469999999999997,1.93917084,-6.84891965
0.014480000000000003,1.93113064,-6.49716085
0.01449,1.95927135,-6.64791462
0.0145,1.94319095,-6.59766337
0.01451,1.95123115,-6.64791462
0.014519999999999996,1.96329145,-6.49716085
0.01453,1.96329145,-6.49716085
0.01454,1.94721105,-6.49716085
0.01455,1.9492211,-6.49716085
0.01456,1.94721105,-6.49716085
0.01457,1.93716079,-6.49716085
0.01458,1.93917084,-6.39665834
0.01459,1.93917084,-6.29615583
0.0146,1.92309044,-6.0951508
0.01461,1.95525125,-6.14540205
0.01462,1.93113064,-6.29615583
0.01463,1.94721105,-6.29615583
0.01464,1.94721105,-6.49716085
0.01465,1.93716079,-6.14540205
0.01466,1.94319095,-6.0951508
0.01467,1.92912059,-6.0951508
0.01468,1.94721105,-6.0951508
0.01469,1.92912059,-6.14540205
0.0147,1.92309044,-5.89414577
0.01471,1.94721105,-6.0951508
0.01472,1.95525125,-5.89414577
0.014730000000000004,1.95123115,-5.89414577
0.01474,1.93917084,-5.99464828
0.01475,1.92912059,-5.89414577
0.01476,1.94721105,-5.89414577
0.014769999999999997,1.92108039,-5.69314075
0.01478,1.93515074,-5.69314075
0.01479,1.93314069,-5.84389451
0.0148,1.94721105,-5.69314075
0.01481,1.94721105,-5.69314075
0.014819999999999996,1.92711054,-5.69314075
0.01483,1.93113064,-5.49213572
0.01484,1.91505024,-5.49213572
0.01485,1.94721105,-5.54238697
0.01486,1.93113064,-5.49213572
0.01487,1.90701004,-5.54238698
0.01488,1.93917084,-5.29113069
0.01489,1.92510049,-5.49213572
0.0149,1.91907034,-5.29113069
0.01491,1.90701004,-5.44188446
0.01492,1.93917084,-5.29113069
0.01493,1.92510049,-5.14037692
0.01494,1.93113064,-5.29113069
0.01495,1.92108039,-5.14037692
0.01496,1.91505024,-5.29113069
0.01497,1.92711054,-5.09012567
0.014980000000000004,1.90701004,-5.19062818
0.01499,1.91706029,-5.09012567
0.015,1.91505024,-5.09012567
0.01501,1.92108039,-5.09012567
0.01502,1.89896984,-5.09012567
0.015030000000000003,1.91304019,-4.9393719
0.01504,1.89896984,-5.09012567
0.01505,1.90097989,-5.03987441
0.01506,1.89092964,-4.88912064
0.015069999999999997,1.90499999,-5.03987441
0.01508,1.89896984,-4.88912064
0.01509,1.90298994,-4.73836687
0.0151,1.89896984,-4.98962315
0.01511,1.91304019,-4.68811561
0.015119999999999996,1.89092964,-4.88912064
0.01513,1.90499999,-4.53736184
0.01514,1.88288944,-4.78861812
0.01515,1.89896984,-4.68811561
0.01516,1.87484924,-4.68811561
0.01517,1.88288944,-4.83886938
0.01518,1.88288944,-4.5876131
0.01519,1.88087939,-4.53736184
0.0152,1.88288944,-4.48711059
0.01521,1.86881909,-4.48711058
0.01522,1.89092964,-4.48711058
0.01523,1.87685929,-4.48711058
0.01524,1.86680904,-4.08510053
0.01525,1.88288944,-4.28610556
0.01526,1.86278894,-4.38660807
0.01527,1.86680904,-4.28610556
0.015280000000000004,1.88288944,-4.28610556
0.01529,1.87484924,-4.28610556
0.0153,1.87886934,-4.28610556
0.01531,1.86278894,-4.28610556
0.01532,1.84268843,-4.08510053
0.015330000000000003,1.87685929,-4.08510053
0.01534,1.84670853,-4.08510053
0.01535,1.85675879,-4.2358543
0.01536,1.85072863,-4.08510053
0.015369999999999997,1.84268843,-4.08510053
0.01538,1.85474874,-4.08510053
0.01539,1.87283919,-3.93434676
0.0154,1.87484924,-4.08510053
0.01541,1.85273869,-4.03484928
0.01542,1.84268843,-3.98459802
0.01543,1.83665828,-3.8840955
0.01544,1.85876884,-3.8840955
0.01545,1.85072863,-3.8840955
0.01546,1.83062813,-3.78359299
0.01547,1.85474874,-3.53233671
0.01548,1.85876884,-3.68309048
0.01549,1.84469848,-3.68309048
0.0155,1.83464823,-3.68309048
0.01551,1.82057788,-3.68309048
0.01552,1.81856783,-3.8840955
0.01553,1.83464823,-3.68309048
0.01554,1.81052763,-3.58258797
0.01555,1.84268843,-3.68309048
0.01556,1.83464823,-3.48208545
0.01557,1.84469848,-3.48208545
0.015580000000000004,1.82660803,-3.68309048
0.01559,1.81655778,-3.53233671
0.0156,1.84268843,-3.68309048
0.01561,1.81052763,-3.48208545
0.015619999999999997,1.81856783,-3.48208545
0.01563,1.81655778,-3.48208545
0.01564,1.81856783,-3.68309048
0.01565,1.81052763,-3.4318342000000004
0.01566,1.81856783,-3.18057791
0.01567,1.81052763,-3.28108042
0.01568,1.84268843,-3.28108042
0.01569,1.83062813,-3.28108042
0.0157,1.80248743,-3.18057791
0.01571,1.80650753,-3.28108042
0.015719999999999998,1.78640703,-3.28108042
0.01573,1.80449748,-3.23082917
0.01574,1.80248743,-3.28108042
0.01575,1.80851758,-3.0800754
0.01576,1.77836683,-2.87907037
0.01577,1.81655778,-3.02982414
0.015780000000000002,1.79846733,-2.97957288
0.015790000000000002,1.78640703,-3.02982414
0.0158,1.78640703,-2.87907037
0.01581,1.79243718,-2.87907037
0.015819999999999997,1.79444723,-2.87907037
0.01583,1.79444723,-2.87907037
0.01584,1.78640703,-2.87907037
0.01585,1.76027637,-2.87907037
0.01586,1.77434673,-2.67806534
0.01587,1.78439698,-2.67806534
0.015880000000000002,1.78640703,-2.87907037
0.01589,1.78037688,-2.62781409
0.0159,1.75826632,-2.57756283
0.01591,1.76429647,-2.52731157
0.01592,1.76228642,-2.47706032
0.01593,1.76630653,-2.47706032
0.01594,1.76228642,-2.47706032
0.01595,1.74821607,-2.47706032
0.01596,1.75424622,-2.27605529
0.015969999999999998,1.73816582,-2.42680906
0.01598,1.76228642,-2.27605529
0.01599,1.76228642,-2.32630655
0.016,1.77032663,-2.27605529
0.01601,1.76831658,-2.27605529
0.01602,1.75022612,-2.07505026
0.016030000000000003,1.73615577,-2.07505026
0.016040000000000002,1.74620602,-2.07505026
0.01605,1.73816582,-2.27605529
0.016059999999999998,1.74620602,-2.07505026
0.016069999999999997,1.74419597,-2.17555278
0.01608,1.73816582,-2.07505026
0.01609,1.74017587,-1.87404524
0.0161,1.74620602,-1.87404524
0.01611,1.72409547,-1.82379398
0.01612,1.73012562,-1.87404524
0.016130000000000002,1.72610552,-1.67304021
0.01614,1.73816582,-1.77354272
0.01615,1.72007537,-1.67304021
0.01616,1.73816582,-1.67304021
0.01617,1.70198492,-1.52228644
0.01618,1.69796482,-1.77354272
0.01619,1.72007537,-1.67304021
0.0162,1.73816582,-1.47203518
0.01621,1.71002512,-1.52228644
0.01622,1.72208542,-1.47203518
0.01623,1.70198492,-1.47203518
0.01624,1.72208542,-1.47203518
0.01625,1.68188442,-1.62278895
0.01626,1.68590452,-1.47203518
0.01627,1.68791457,-1.47203518
0.016280000000000003,1.68992462,-1.27103016
0.01629,1.68188442,-1.12027639
0.0163,1.68188442,-1.27103016
0.016309999999999998,1.70801507,-1.12027639
0.016319999999999998,1.68188442,-1.07002513
0.01633,1.67786431,-1.12027639
0.01634,1.68992462,-1.17052764
0.01635,1.66982411,-1.07002513
0.01636,1.69796482,-1.07002513
0.01637,1.66178391,-1.01977387
0.016380000000000002,1.67786432,-0.96952262
0.016390000000000002,1.66580401,-0.91927136
0.0164,1.66580401,-0.66801508
0.01641,1.66580401,-0.71826633
0.01642,1.66580401,-0.8690201
0.01643,1.69796482,-0.81876885
0.01644,1.65776381,-0.66801508
0.01645,1.64771356,-0.66801508
0.01646,1.65374371,-0.66801508
0.01647,1.66580401,-0.61776382
0.01648,1.65776381,-0.66801508
0.01649,1.64168341,-0.46701005
0.0165,1.65374371,-0.36650754
0.01651,1.64369346,-0.46701005
0.01652,1.64972361,-0.46701005
0.01653,1.64168341,-0.36650754
0.01654,1.66178391,-0.46701005
0.01655,1.64771356,-0.41675879
0.01656,1.66580401,-0.46701005
0.016569999999999998,1.63364321,-0.31625628
0.01658,1.62962311,-0.16550251
0.01659,1.63163316,-0.26600502
0.0166,1.62560301,-0.26600502
0.01661,1.61756281,-0.11525125
0.01662,1.61354271,-0.16550251
0.016630000000000002,1.63163316,-0.11525125
0.016640000000000002,1.64972361,-0.065
0.01665,1.62158291,-0.01474874
0.016659999999999998,1.62560301,0.03550252
0.016669999999999997,1.63766331,-0.065
0.01668,1.62560301,-0.065
0.01669,1.61957286,0.13600503
0.0167,1.61756281,0.13600503
0.01671,1.62158291,0.13600503
0.01672,1.61756281,0.13600503
0.016730000000000002,1.61756281,0.2867588
0.01674,1.62158291,0.23650754
0.01675,1.60349246,0.18625629
0.01676,1.61756281,0.33701006
0.01677,1.585402,0.18625629
0.01678,1.61354271,0.23650754
0.01679,1.60148241,0.53801508
0.0168,1.60952261,0.53801508
0.01681,1.60751256,0.48776383
0.016819999999999998,1.585402,0.53801508
0.01683,1.58339195,0.33701006
0.01684,1.60952261,0.53801508
0.01685,1.5813819,0.73902011
0.01686,1.59344221,0.53801508
0.01687,1.5773618,0.68876885
0.016880000000000003,1.585402,0.53801508
0.016890000000000002,1.56731155,0.58826634
0.0169,1.5693216,0.53801508
0.016909999999999998,1.57937185,0.73902011
0.016919999999999998,1.60952261,0.73902011
0.01693,1.56731155,0.68876885
0.01694,1.5773618,0.83952262
0.01695,1.5733416999999998,0.73902011
0.01696,1.5612814,0.94002514
0.01697,1.5532412,0.94002514
0.016980000000000002,1.5371608,0.94002514
0.01699,1.5693216,0.94002514
0.017,1.585402,0.73902011
0.01701,1.55123115,0.94002514
0.01702,1.5492211,1.14103016
0.01703,1.56329145,0.99027639
0.01704,1.5612814,0.94002514
0.01705,1.5492211,0.99027639
0.01706,1.5612814,1.04052765
0.01707,1.5411809,1.14103016
0.01708,1.5532412,1.34203519
0.01709,1.5773618,1.19128142
0.0171,1.5492211,1.24153268
0.01711,1.53917085,1.19128142
0.01712,1.5532412,1.14103016
0.017130000000000003,1.55123115,1.49278896
0.01714,1.5411809,1.4425377
0.01715,1.545201,1.39228645
0.017159999999999998,1.545201,1.54304022
0.017169999999999998,1.5371608,1.49278896
0.01718,1.5291206,1.54304022
0.01719,1.53515075,1.59329147
0.0172,1.5371608,1.54304022
0.01721,1.5331407,1.74404524
0.01722,1.5291206,1.54304022
0.017230000000000002,1.53515075,1.94505027
0.017240000000000002,1.5371608,1.94505027
0.01725,1.5371608,1.89479901
0.01726,1.5210803999999998,1.94505027
0.017269999999999997,1.51103015,1.94505027
0.01728,1.48891959,2.1460553
0.01729,1.5170603,1.94505027
0.0173,1.5130402,2.04555278
0.01731,1.5210803999999998,1.99530153
0.01732,1.5210803999999998,1.94505027
0.01733,1.49494974,2.29680907
0.01734,1.505,2.1460553
0.01735,1.49695979,2.19630655
0.01736,1.5130402,2.54806535
0.01737,1.50701005,2.29680907
0.01738,1.48891959,2.44756284
0.01739,1.50298994,2.44756284
0.0174,1.49695979,2.34706032
0.01741,1.50097989,2.39731158
0.017419999999999998,1.47685929,2.34706032
0.01743,1.48489949,2.54806535
0.01744,1.48891959,2.54806535
0.01745,1.47886934,2.34706032
0.01746,1.47685929,2.54806535
0.01747,1.47886934,2.64856786
0.017480000000000002,1.48891959,2.74907038
0.017490000000000002,1.49092964,2.74907038
0.0175,1.46077889,2.74907038
0.017509999999999998,1.45675879,2.79932163
0.017519999999999997,1.45675879,2.9500754
0.01753,1.48087939,2.89982415
0.01754,1.46077889,2.84957289
0.01755,1.45675879,2.9500754
0.01756,1.46479899,2.74907038
0.01757,1.46077889,2.9500754
0.017580000000000002,1.46479899,3.05057792
0.01759,1.44871859,3.15108043
0.0176,1.45675879,3.15108043
0.01761,1.44469849,3.15108043
0.01762,1.45675879,3.25158294
0.01763,1.45675879,3.15108043
0.01764,1.47283919,3.15108043
0.01765,1.46479899,3.3018342000000005
0.01766,1.46479899,3.25158294
0.017669999999999998,1.43866834,3.35208546
0.01768,1.44067839,3.15108043
0.01769,1.45072864,3.50283923
0.0177,1.45675879,3.45258797
0.01771,1.45675879,3.40233671
0.01772,1.44871859,3.55309048
0.017730000000000003,1.44469849,3.55309048
0.017740000000000002,1.43665829,3.45258797
0.01775,1.43665829,3.70384425
0.017759999999999998,1.42459799,3.75409551
0.017769999999999998,1.45273869,3.70384425
0.01778,1.42861809,3.75409551
0.01779,1.44871859,3.60334174
0.0178,1.43263819,3.75409551
0.01781,1.44067839,3.75409551
0.01782,1.44067839,3.653593
0.017830000000000002,1.43665829,3.75409551
0.01784,1.41655779,3.75409551
0.01785,1.44871859,3.75409551
0.01786,1.44469849,3.95510054
0.01787,1.41856784,3.90484928
0.01788,1.46479899,3.95510054
0.01789,1.43263819,3.95510054
0.0179,1.41655779,3.95510054
0.01791,1.43866834,4.00535179
0.01792,1.44871859,4.15610556
0.01793,1.43263819,4.10585431
0.01794,1.42459799,4.15610556
0.01795,1.43263819,4.00535179
0.01796,1.43263819,3.95510054
0.01797,1.41454773,4.15610556
0.01798,1.44067839,4.05560305
0.01799,1.43263819,4.15610556
0.018000000000000002,1.40851758,4.15610556
0.018009999999999998,1.39846733,4.35711059
0.01802,1.42861809,4.35711059
0.01803,1.40248743,4.50786436
0.01804,1.43263819,4.35711059
0.01805,1.42057789,4.50786436
0.01806,1.41253768,4.55811562
0.01807,1.40047738,4.50786436
0.01808,1.41655779,4.55811562
0.01809,1.42660804,4.55811562
0.0181,1.41655779,4.65861813
0.01811,1.43464824,4.55811562
0.01812,1.42459799,4.55811562
0.01813,1.39243718,4.55811562
0.01814,1.39645728,4.75912064
0.01815,1.41052763,4.60836687
0.01816,1.39243718,4.75912064
0.01817,1.42057789,4.75912064
0.01818,1.40047738,4.75912064
0.01819,1.38640703,4.70886939
0.0182,1.43263819,4.75912064
0.01821,1.39444723,4.8093719
0.01822,1.40449748,4.75912064
0.01823,1.39243718,4.96012567
0.01824,1.41655779,4.96012567
0.01825,1.40650753,4.96012567
0.01826,1.38439698,4.85962316
0.01827,1.38439698,4.96012567
0.01828,1.38439698,4.96012567
0.01829,1.40449748,5.01037693
0.0183,1.40047738,5.06062818
0.01831,1.39846733,5.01037693
0.01832,1.41655779,5.1611307
0.018330000000000003,1.40449748,5.1611307
0.01834,1.39243718,5.1611307
0.01835,1.40047738,4.96012567
0.01836,1.40047738,5.1611307
0.01837,1.38439698,5.1611307
0.01838,1.39645728,5.1611307
0.01839,1.39846733,5.1611307
0.0184,1.38439698,5.36213572
0.01841,1.38238693,5.31188447
0.01842,1.40851758,5.26163321
0.01843,1.38841708,5.36213572
0.01844,1.40851758,5.36213572
0.01845,1.37032663,5.41238698
0.01846,1.40047738,5.46263824
0.01847,1.40047738,5.41238698
0.01848,1.39243718,5.56314075
0.01849,1.40851758,5.51288949
0.0185,1.38841708,5.56314075
0.01851,1.39444723,5.71389452
0.01852,1.37635678,5.56314075
0.01853,1.38640703,5.61339201
0.01854,1.40047738,5.76414578
0.01855,1.40248743,5.56314075
0.01856,1.38439698,5.76414578
0.01857,1.39444723,5.56314075
0.018580000000000003,1.40047738,5.56314075
0.01859,1.39243718,5.76414578
0.0186,1.41655779,5.76414578
0.01861,1.41253768,5.9651508
0.01862,1.39645728,6.06565332
0.01863,1.41253768,5.9651508
0.01864,1.43263819,5.76414578
0.01865,1.41856784,6.11590457
0.01866,1.38841708,5.9651508
0.01867,1.39444723,6.01540206
0.01868,1.39243718,6.16615583
0.01869,1.39645728,6.01540206
0.0187,1.38439698,5.9651508
0.01871,1.40851758,6.01540206
0.01872,1.40047738,6.16615583
0.01873,1.41454773,6.16615583
0.01874,1.38841708,6.06565332
0.01875,1.38640703,6.21640709
0.01876,1.40851758,6.16615583
0.01877,1.38439698,6.16615583
0.01878,1.40851758,6.36716086
0.01879,1.40851758,6.3169096
0.0188,1.41655779,6.36716086
0.01881,1.39243718,6.36716086
0.01882,1.38439698,6.26665834
0.01883,1.42258794,6.41741211
0.01884,1.40851758,6.56816588
0.01885,1.41253768,6.56816588
0.01886,1.41655779,6.56816588
0.01887,1.41655779,6.56816588
0.01888,1.40851758,6.76917091
0.01889,1.41052763,6.61841714
0.0189,1.39243718,6.56816588
0.01891,1.42459799,6.71891965
0.01892,1.40047738,6.76917091
0.01893,1.40047738,6.56816588
0.01894,1.39645728,6.76917091
0.01895,1.42459799,6.61841714
0.01896,1.40851758,6.76917091
0.01897,1.40047738,6.97017594
0.01898,1.40851758,6.76917091
0.01899,1.42861809,6.86967342
0.019,1.41655779,6.76917091
0.01901,1.40650753,6.76917091
0.01902,1.42459799,7.17118096
0.01903,1.40851758,6.91992468
0.01904,1.44067839,6.97017594
0.01905,1.41454773,6.97017594
0.01906,1.42459799,7.07067845
0.01907,1.40851758,7.17118096
0.01908,1.44067839,6.97017594
0.01909,1.40650753,7.17118096
0.0191,1.43665829,7.07067845
0.01911,1.41253768,7.17118096
0.01912,1.40851758,7.17118096
0.01913,1.43464824,7.32193473
0.01914,1.41655779,7.17118096
0.01915,1.41655779,7.32193473
0.01916,1.44067839,7.17118096
0.01917,1.42258794,6.97017594
0.019180000000000003,1.43263819,7.27168348
0.01919,1.44670854,7.37218599
0.0192,1.41655779,7.37218599
0.01921,1.42459799,7.37218599
0.01922,1.43665829,7.37218599
0.01923,1.44469849,7.37218599
0.01924,1.44871859,7.37218599
0.01925,1.43062814,7.42243725
0.01926,1.42459799,7.4726884999999985
0.01927,1.44469849,7.57319102
0.01928,1.46479899,7.37218599
0.01929,1.45675879,7.52293976
0.0193,1.44871859,7.57319102
0.01931,1.47082914,7.72394479
0.01932,1.46479899,7.57319102
0.01933,1.45474874,7.72394479
0.01934,1.45273869,7.77419604
0.01935,1.46479899,7.62344227
0.01936,1.48087939,7.77419604
0.01937,1.45474874,7.57319102
0.01938,1.44469849,7.77419604
0.01939,1.46278894,7.62344227
0.0194,1.44067839,7.77419604
0.01941,1.45876884,7.92494981
0.01942,1.46077889,7.67369353
0.019430000000000003,1.45675879,7.77419604
0.01944,1.45675879,7.77419604
0.01945,1.49293969,7.97520107
0.01946,1.49695979,7.97520107
0.01947,1.50097989,7.97520107
0.01948,1.49695979,7.77419604
0.01949,1.47685929,7.92494981
0.0195,1.48891959,8.07570358
0.01951,1.505,8.02545233
0.01952,1.47283919,7.77419604
0.01953,1.50298994,7.92494981
0.01954,1.50097989,8.1762061
0.01955,1.50298994,7.97520107
0.01956,1.48891959,7.97520107
0.01957,1.48891959,8.1762061
0.01958,1.505,8.07570358
0.01959,1.50298994,8.1762061
0.0196,1.48891959,8.1762061
0.01961,1.5210803999999998,8.1762061
0.01962,1.5090201,8.1762061
0.01963,1.50701005,8.1762061
0.01964,1.5210803999999998,8.1762061
0.01965,1.52309045,8.12595484
0.01966,1.5090201,8.1762061
0.01967,1.52309045,8.22645735
0.01968,1.5130402,8.37721112
0.01969,1.51103015,8.1762061
0.0197,1.505,8.27670861
0.01971,1.5251005,8.32695987
0.01972,1.505,8.1762061
0.01973,1.53917085,8.1762061
0.01974,1.5411809,8.1762061
0.01975,1.5371608,8.1762061
0.01976,1.5130402,8.37721112
0.01977,1.55123115,8.1762061
0.01978,1.5371608,8.27670861
0.01979,1.54319095,8.1762061
0.0198,1.5532412,8.37721112
0.01981,1.5411809,8.37721112
0.01982,1.5572613000000002,8.1762061
0.01983,1.5532412,8.37721112
0.01984,1.5371608,8.1762061
0.01985,1.545201,8.37721112
0.01986,1.5612814,8.27670861
0.01987,1.5572613000000002,8.42746238
0.01988,1.5371608,8.37721112
0.01989,1.5572613000000002,8.42746238
0.0199,1.5693216,8.47771364
0.01991,1.57535175,8.37721112
0.01992,1.5612814,8.37721112
0.01993,1.57133165,8.52796489
0.01994,1.5572613000000002,8.47771364
0.01995,1.5653015,8.37721112
0.01996,1.5532412,8.57821615
0.01997,1.59143216,8.57821615
0.01998,1.5693216,8.47771364
0.01999,1.5653015,8.42746238
