Time (s),Bulb Response Voltage (V),Source Voltage (V)
8e-05,2.90783925,0.13600503
9e-05,2.9178895,0.13600503
0.0001,2.90783925,0.23650754
0.00011,2.9138694,0.18625629
0.00012,2.90783925,0.33701006
0.00013000000000000002,2.91185935,0.33701006
0.00014,2.90381915,0.33701006
0.00015,2.90381915,0.33701006
0.00016,2.89979905,0.33701006
0.00017,2.89577895,0.53801508
0.00018,2.89577895,0.43751257
0.00019,2.897789,0.53801508
0.0002,2.90783925,0.73902011
0.00021,2.89979905,0.48776383
0.00022,2.90381915,0.53801508
0.00023,2.8857287,0.53801508
0.00024,2.89979905,0.94002514
0.00025,2.9018091,0.73902011
0.00026000000000000003,2.89175885,0.53801508
0.00027,2.8817086,0.73902011
0.00028,2.89175885,0.94002514
0.00029,2.87969855,0.88977388
0.0003,2.88773875,0.83952262
0.00031,2.88371865,0.78927137
0.00032,2.88371865,0.94002514
0.00033,2.8857287,0.94002514
0.00034,2.87567845,1.04052765
0.00035,2.87969855,0.94002514
0.00036,2.87567845,0.94002514
0.00037,2.8776885,0.88977388
0.00038,2.87567845,1.04052765
0.00039,2.8656282,1.14103016
0.0004,2.86763825,0.94002514
0.00041,2.8616081,1.14103016
0.00042,2.86361815,0.94002514
0.00043,2.85557795,1.29178393
0.00044,2.87567845,1.34203519
0.00045,2.8776885,1.34203519
0.00046,2.88371865,1.24153268
0.00047,2.8736684,1.34203519
0.00048,2.88371865,1.14103016
0.00049,2.8455277000000003,1.39228645
0.0005,2.86361815,1.4425377
0.0005099999999999999,2.8616081,1.34203519
0.0005200000000000001,2.85959805,1.34203519
0.00053,2.85959805,1.49278896
0.00054,2.84351765,1.64354273
0.00055,2.8736684,1.74404524
0.00056,2.85155785,1.94505027
0.00057,2.8495478,1.69379399
0.00058,2.85959805,1.54304022
0.00059,2.85155785,1.59329147
0.0006,2.85959805,1.74404524
0.00061,2.8415076,1.94505027
0.00062,2.84753775,1.94505027
0.00063,2.83547745,1.94505027
0.00064,2.82743724,1.94505027
0.00065,2.8495478,1.94505027
0.00066,2.84351765,2.04555278
0.00067,2.83547745,1.94505027
0.0006799999999999999,2.83547745,2.1460553
0.0006900000000000001,2.83949755,2.1460553
0.0007,2.85557795,2.1460553
0.0007099999999999999,2.83547745,2.24655781
0.00072,2.85155785,2.1460553
0.00073,2.8374875,2.34706032
0.00074,2.84351765,2.44756284
0.00075,2.83949755,2.39731158
0.0007599999999999999,2.82743724,2.54806535
0.0007700000000000001,2.82944729,2.39731158
0.00078,2.82743724,2.64856786
0.00079,2.8535679,2.59831661
0.0008,2.84351765,2.34706032
0.00081,2.85155785,2.59831661
0.00082,2.83547745,2.64856786
0.0008300000000000001,2.83547745,2.59831661
0.00084,2.82743724,2.74907038
0.00085,2.81939704,2.74907038
0.00086,2.83145734,2.84957289
0.0008699999999999999,2.81135684,2.74907038
0.00088,2.82743724,2.74907038
0.0008900000000000002,2.82140709,2.79932163
0.0009,2.81939704,2.9500754
0.00091,2.83145734,2.9500754
0.00092,2.83547745,2.9500754
0.00093,2.81135684,2.9500754
0.00094,2.82743724,3.05057792
0.00095,2.80532669,3.15108043
0.00096,2.82743724,3.15108043
0.00097,2.82542719,3.15108043
0.00098,2.80331664,3.15108043
0.00099,2.80733674,3.00032666
0.001,2.81939704,3.35208546
0.00101,2.80331664,3.35208546
0.00102,2.82341714,3.45258797
0.00103,2.81738699,3.40233671
0.00104,2.82743724,3.35208546
0.00105,2.80733674,3.35208546
0.00106,2.81537694,3.45258797
0.00107,2.80934679,3.35208546
0.00108,2.81939704,3.35208546
0.00109,2.80130659,3.35208546
0.0011,2.79929654,3.653593
0.00111,2.79326639,3.70384425
0.00112,2.80331664,3.55309048
0.00113,2.79728649,3.75409551
0.00114,2.81939704,3.55309048
0.00115,2.80733674,3.75409551
0.00116,2.81939704,3.75409551
0.00117,2.81336689,3.75409551
0.00118,2.80733674,3.95510054
0.00119,2.79125634,3.75409551
0.0012,2.81135684,3.75409551
0.00121,2.80331664,4.00535179
0.00122,2.78723624,4.05560305
0.00123,2.79326639,4.00535179
0.00124,2.79527644,4.15610556
0.00125,2.79728649,3.95510054
0.00126,2.80331664,4.15610556
0.00127,2.80934679,4.00535179
0.00128,2.78723624,4.15610556
0.00129,2.78321614,4.15610556
0.0013,2.79527644,4.15610556
0.00131,2.78522619,4.30685933
0.00132,2.77919604,4.15610556
0.00133,2.77316589,4.30685933
0.00134,2.78321614,4.15610556
0.00135,2.78723624,4.30685933
0.00136,2.78723624,4.35711059
0.00137,2.77316589,4.20635682
0.0013800000000000002,2.79125634,4.4576131
0.00139,2.78522619,4.35711059
0.0014,2.80331664,4.35711059
0.00141,2.78723624,4.55811562
0.0014199999999999998,2.77919604,4.35711059
0.00143,2.77517594,4.70886939
0.00144,2.79527644,4.55811562
0.00145,2.77718599,4.55811562
0.00146,2.77517594,4.65861813
0.00147,2.78723624,4.70886939
0.00148,2.77919604,4.55811562
0.00149,2.79728649,4.55811562
0.0015,2.79125634,4.75912064
0.00151,2.78120609,4.60836687
0.00152,2.77919604,4.75912064
0.00153,2.77919604,4.75912064
0.00154,2.77517594,4.75912064
0.00155,2.77115584,4.90987441
0.00156,2.76311564,4.96012567
0.00157,2.77316589,4.90987441
0.00158,2.77115584,4.85962316
0.00159,2.77316589,5.01037693
0.0016,2.77919604,4.96012567
0.00161,2.78723624,4.96012567
0.00162,2.78321614,5.06062818
0.0016300000000000002,2.77517594,5.1611307
0.00164,2.77919604,5.1611307
0.00165,2.76713574,5.21138195
0.0016600000000000002,2.76311564,5.06062818
0.0016699999999999998,2.77517594,5.1611307
0.00168,2.77919604,5.1611307
0.00169,2.76110559,5.21138195
0.0017,2.77115584,5.1611307
0.00171,2.76512569,5.01037693
0.00172,2.76311564,5.36213572
0.00173,2.79125634,5.36213572
0.0017399999999999998,2.76311564,5.1611307
0.00175,2.78120609,5.31188447
0.00176,2.77115584,5.56314075
0.00177,2.75507544,5.51288949
0.00178,2.76311564,5.46263824
0.00179,2.76713574,5.46263824
0.0018,2.76311564,5.56314075
0.00181,2.76713574,5.41238698
0.00182,2.76311564,5.46263824
0.00183,2.75708549,5.41238698
0.00184,2.78723624,5.36213572
0.00185,2.77316589,5.56314075
0.00186,2.75909554,5.56314075
0.00187,2.76512569,5.61339201
0.00188,2.76311564,5.56314075
0.00189,2.77115584,5.76414578
0.0019,2.77115584,5.76414578
0.00191,2.76311564,5.76414578
0.00192,2.76311564,5.76414578
0.00193,2.75708549,5.76414578
0.00194,2.75909554,5.76414578
0.00195,2.76110559,5.81439703
0.00196,2.77919604,5.9651508
0.00197,2.76713574,5.9651508
0.00198,2.75909554,5.86464829
0.00199,2.77316589,5.91489955
0.002,2.75507544,5.9651508
0.00201,2.76110559,6.06565332
0.00202,2.76311564,5.9651508
0.00203,2.74904529,6.16615583
0.00204,2.77115584,5.9651508
0.00205,2.76713574,6.16615583
0.00206,2.76713574,5.9651508
0.00207,2.74703524,6.3169096
0.0020800000000000003,2.78723624,6.16615583
0.00209,2.75708549,6.16615583
0.0021,2.77115584,6.26665834
0.0021100000000000003,2.77517594,6.16615583
0.00212,2.74703524,6.16615583
0.00213,2.75306539,6.21640709
0.00214,2.75909554,6.36716086
0.00215,2.76110559,6.3169096
0.00216,2.75507544,6.36716086
0.00217,2.76713574,6.36716086
0.00218,2.75105534,6.56816588
0.00219,2.74301513,6.56816588
0.0022,2.76311564,6.56816588
0.00221,2.78120609,6.41741211
0.00222,2.77919604,6.46766337
0.00223,2.77919604,6.56816588
0.00224,2.77115584,6.56816588
0.00225,2.77115584,6.71891965
0.0022600000000000003,2.74703524,6.6686684000000005
0.00227,2.75306539,6.76917091
0.00228,2.77115584,6.56816588
0.00229,2.75105534,6.61841714
0.0023,2.74703524,6.86967342
0.00231,2.76110559,6.91992468
0.00232,2.77919604,6.97017594
0.00233,2.77316589,6.81942217
0.00234,2.77517594,6.76917091
0.00235,2.75507544,6.97017594
0.00236,2.77115584,6.97017594
0.00237,2.76512569,6.97017594
0.00238,2.76311564,7.17118096
0.00239,2.75507544,6.97017594
0.0024,2.75507544,6.97017594
0.00241,2.76110559,7.12092971
0.00242,2.75909554,7.07067845
0.00243,2.78723624,7.17118096
0.00244,2.77919604,6.97017594
0.00245,2.77316589,7.02042719
0.00246,2.76713574,7.07067845
0.00247,2.77517594,7.07067845
0.00248,2.75507544,7.17118096
0.00249,2.75507544,7.17118096
0.0025,2.75507544,7.27168348
0.00251,2.76311564,7.22143222
0.00252,2.77115584,7.37218599
0.00253,2.76110559,7.22143222
0.00254,2.77919604,7.37218599
0.00255,2.77517594,7.42243725
0.00256,2.77919604,7.37218599
0.00257,2.76512569,7.52293976
0.0025800000000000003,2.77919604,7.37218599
0.00259,2.75507544,7.52293976
0.0026,2.77919604,7.57319102
0.0026100000000000003,2.77316589,7.57319102
0.00262,2.77517594,7.67369353
0.00263,2.76914579,7.42243725
0.00264,2.76311564,7.57319102
0.00265,2.77316589,7.57319102
0.00266,2.77919604,7.67369353
0.00267,2.77919604,7.72394479
0.00268,2.78723624,7.57319102
0.00269,2.76110559,7.62344227
0.0027,2.76713574,7.67369353
0.00271,2.77919604,7.77419604
0.00272,2.75507544,7.77419604
0.00273,2.78120609,7.77419604
0.00274,2.78321614,7.97520107
0.00275,2.76914579,7.97520107
0.0027600000000000003,2.77115584,7.77419604
0.00277,2.76311564,7.77419604
0.00278,2.79125634,7.87469856
0.00279,2.78120609,8.02545233
0.0028,2.78723624,7.97520107
0.00281,2.78924629,7.92494981
0.00282,2.79125634,7.97520107
0.00283,2.78924629,7.97520107
0.00284,2.77115584,8.1762061
0.00285,2.78120609,7.97520107
0.00286,2.77115584,7.97520107
0.00287,2.77919604,8.12595484
0.00288,2.78723624,8.1762061
0.00289,2.76914579,8.02545233
0.0029,2.78321614,7.97520107
0.0029100000000000003,2.77919604,8.1762061
0.00292,2.78723624,8.1762061
0.00293,2.78924629,8.02545233
0.00294,2.77919604,8.1762061
0.00295,2.78321614,8.1762061
0.00296,2.80331664,8.1762061
0.00297,2.78321614,8.12595484
0.00298,2.78321614,8.27670861
0.00299,2.77919604,8.32695987
0.003,2.80331664,8.37721112
0.00301,2.78522619,8.32695987
0.00302,2.80733674,8.37721112
0.00303,2.79929654,8.27670861
0.00304,2.81135684,8.37721112
0.00305,2.79527644,8.32695987
0.00306,2.80331664,8.1762061
0.00307,2.80130659,8.37721112
0.0030800000000000003,2.79527644,8.37721112
0.00309,2.79728649,8.1762061
0.0031,2.80331664,8.47771364
0.0031100000000000004,2.78924629,8.37721112
0.00312,2.80331664,8.37721112
0.00313,2.79125634,8.37721112
0.00314,2.79527644,8.37721112
0.00315,2.79527644,8.37721112
0.00316,2.81939704,8.37721112
0.00317,2.81537694,8.42746238
0.00318,2.80733674,8.57821615
0.00319,2.81135684,8.37721112
0.0032,2.78723624,8.37721112
0.00321,2.79728649,8.47771364
0.00322,2.80331664,8.47771364
0.00323,2.79929654,8.57821615
0.00324,2.81135684,8.57821615
0.00325,2.81537694,8.37721112
0.0032600000000000003,2.83145734,8.37721112
0.0032700000000000003,2.81738699,8.57821615
0.00328,2.82743724,8.57821615
0.00329,2.8334674,8.37721112
0.0033,2.81135684,8.37721112
0.00331,2.81537694,8.57821615
0.0033200000000000005,2.81135684,8.37721112
0.00333,2.81738699,8.57821615
0.00334,2.81537694,8.47771364
0.00335,2.80532669,8.62846741
0.00336,2.81939704,8.77922118
0.00337,2.83547745,8.52796489
0.00338,2.83547745,8.57821615
0.00339,2.82743724,8.67871866
0.0034,2.84351765,8.57821615
0.0034100000000000003,2.82743724,8.57821615
0.0034200000000000003,2.82743724,8.57821615
0.00343,2.83145734,8.42746238
0.00344,2.83547745,8.77922118
0.00345,2.83145734,8.57821615
0.00346,2.83145734,8.47771364
0.0034700000000000004,2.81738699,8.57821615
0.00348,2.83547745,8.57821615
0.00349,2.8374875,8.72896992
0.0035,2.83547745,8.67871866
0.00351,2.8334674,8.62846741
0.00352,2.83547745,8.77922118
0.00353,2.84351765,8.67871866
0.00354,2.83145734,8.67871866
0.00355,2.82944729,8.77922118
0.00356,2.84351765,8.77922118
0.0035700000000000007,2.8334674,8.92997495
0.00358,2.83547745,8.67871866
0.00359,2.83547745,8.77922118
0.0036,2.82743724,8.57821615
0.00361,2.8495478,8.72896992
0.00362,2.85155785,8.67871866
0.00363,2.8415076,8.77922118
0.00364,2.85959805,8.77922118
0.00365,2.857588,8.82947243
0.00366,2.85155785,8.77922118
0.00367,2.8455277000000003,8.82947243
0.00368,2.82743724,8.77922118
0.00369,2.84753775,8.92997495
0.0037,2.83949755,8.67871866
0.00371,2.84753775,8.77922118
0.00372,2.83547745,8.980226199999997
0.00373,2.85959805,8.82947243
0.00374,2.86763825,8.77922118
0.00375,2.8656282,8.77922118
0.00376,2.88371865,8.77922118
0.00377,2.8616081,8.82947243
0.00378,2.85959805,8.67871866
0.00379,2.85155785,8.77922118
0.0038,2.86763825,8.77922118
0.00381,2.8656282,8.77922118
0.003820000000000001,2.86361815,8.87972369
0.00383,2.85557795,8.82947243
0.00384,2.89175885,8.77922118
0.00385,2.87969855,8.77922118
0.00386,2.86361815,8.87972369
0.00387,2.8897488,8.82947243
0.00388,2.89175885,8.980226199999997
0.00389,2.8817086,8.77922118
0.0039,2.87567845,8.87972369
0.00391,2.88371865,8.62846741
0.00392,2.85959805,8.77922118
0.00393,2.8776885,8.82947243
0.00394,2.87969855,8.77922118
0.00395,2.8776885,8.77922118
0.00396,2.90783925,8.57821615
0.00397,2.897789,8.77922118
0.00398,2.88773875,8.980226199999997
0.00399,2.8897488,8.77922118
0.004,2.88371865,8.980226199999997
0.0040100000000000005,2.8857287,8.92997495
0.00402,2.87969855,8.77922118
0.00403,2.8696483,8.82947243
0.00404,2.89175885,8.980226199999997
0.00405,2.89577895,8.82947243
0.00406,2.87165835,8.77922118
0.004070000000000001,2.87969855,8.92997495
0.004079999999999999,2.89175885,8.77922118
0.00409,2.91587945,8.77922118
0.0041,2.90783925,8.77922118
0.00411,2.89175885,8.92997495
0.00412,2.89175885,8.980226199999997
0.00413,2.8897488,8.77922118
0.00414,2.89979905,8.87972369
0.00415,2.8897488,8.92997495
0.0041600000000000005,2.87567845,8.77922118
0.00417,2.9018091,8.77922118
0.00418,2.89577895,8.87972369
0.00419,2.89979905,8.980226199999997
0.0042,2.91587945,8.77922118
0.00421,2.91587945,8.77922118
0.004220000000000001,2.91989955,8.87972369
0.004229999999999999,2.9058292000000003,8.92997495
0.00424,2.90783925,8.77922118
0.00425,2.89979905,8.980226199999997
0.00426,2.90783925,8.77922118
0.00427,2.92190961,8.82947243
0.00428,2.89979905,8.57821615
0.00429,2.91587945,8.67871866
0.0043,2.90783925,8.87972369
0.0043100000000000005,2.92592971,8.92997495
0.00432,2.92391966,8.980226199999997
0.00433,2.91587945,8.77922118
0.00434,2.91989955,8.980226199999997
0.00435,2.91989955,8.77922118
0.00436,2.91587945,8.77922118
0.004370000000000001,2.90783925,8.92997495
0.004379999999999999,2.91185935,8.77922118
0.00439,2.91185935,8.62846741
0.0044,2.94000006,8.77922118
0.00441,2.91989955,8.67871866
0.00442,2.92391966,8.77922118
0.00443,2.95206036,8.77922118
0.00444,2.92391966,8.77922118
0.00445,2.93195986,8.980226199999997
0.00446,2.93597996,8.77922118
0.00447,2.92190961,8.77922118
0.00448,2.93195986,8.77922118
0.00449,2.93597996,8.77922118
0.0045,2.94402016,8.67871866
0.00451,2.94804026,8.92997495
0.004520000000000001,2.93195986,9.18123123
0.004529999999999999,2.94201011,8.77922118
0.00454,2.92391966,8.67871866
0.00455,2.96412066,8.82947243
0.00456,2.95608046,8.77922118
0.00457,2.95206036,8.77922118
0.00458,2.94402016,8.87972369
0.00459,2.94804026,8.77922118
0.0046,2.93195986,8.77922118
0.00461,2.93799001,8.72896992
0.00462,2.94804026,8.77922118
0.00463,2.94201011,8.62846741
0.00464,2.94000006,8.57821615
0.00465,2.94402016,8.92997495
0.00466,2.95608046,8.77922118
0.0046700000000000005,2.95407041,8.77922118
0.00468,2.97216086,8.57821615
0.00469,2.94804026,8.72896992
0.0047,2.96412066,8.67871866
0.00471,2.96211061,8.72896992
0.00472,2.95608046,8.57821615
0.00473,2.96010056,8.77922118
0.00474,2.96814076,8.67871866
0.00475,2.96814076,8.92997495
0.00476,2.96412066,8.57821615
0.00477,2.94603021,8.72896992
0.00478,2.96412066,8.67871866
0.00479,2.96814076,8.77922118
0.0048,2.98020106,8.57821615
0.00481,2.95809051,8.57821615
0.0048200000000000005,2.97618096,8.57821615
0.00483,2.96010056,8.57821615
0.00484,2.95608046,8.77922118
0.00485,2.95809051,8.57821615
0.00486,2.95206036,8.67871866
0.00487,2.97618096,8.57821615
0.00488,2.98020106,8.57821615
0.00489,3.00030156,8.57821615
0.0049,2.98422116,8.67871866
0.00491,2.97618096,8.57821615
0.00492,2.99628146,8.77922118
0.00493,2.99427141,8.57821615
0.00494,2.99226136,8.67871866
0.00495,2.97015081,8.57821615
0.00496,2.98824126,8.37721112
0.0049700000000000005,2.98221111,8.52796489
0.00498,2.98020106,8.47771364
0.00499,2.97819101,8.52796489
0.005,2.98824126,8.57821615
0.0050100000000000006,2.97618096,8.57821615
0.00502,2.98422116,8.57821615
0.00503,3.00633171,8.57821615
0.00504,3.00432166,8.57821615
0.00505,2.99025131,8.57821615
0.00506,2.98824126,8.47771364
0.00507,2.99025131,8.37721112
0.00508,2.97216086,8.37721112
0.00509,3.00231161,8.42746238
0.0051,3.00030156,8.57821615
0.00511,3.00834177,8.37721112
0.00512,2.98020106,8.37721112
0.00513,3.00834177,8.52796489
0.00514,3.00834177,8.57821615
0.00515,3.01236187,8.47771364
0.0051600000000000005,3.02040207,8.37721112
0.00517,2.99829151,8.22645735
0.00518,2.99628146,8.37721112
0.00519,2.99829151,8.37721112
0.0052,3.01236187,8.37721112
0.00521,3.00030156,8.37721112
0.005220000000000001,3.01236187,8.07570358
0.005229999999999999,2.99628146,8.32695987
0.00524,3.01236187,8.1762061
0.00525,2.99226136,8.52796489
0.00526,3.00834177,8.1762061
0.00527,3.00633171,8.22645735
0.00528,3.02040207,8.1762061
0.00529,3.00432166,8.1762061
0.0053,3.02844227,8.27670861
0.0053100000000000005,3.02643222,8.27670861
0.00532,2.99628146,8.37721112
0.00533,3.00432166,8.1762061
0.00534,3.00030156,8.37721112
0.00535,3.00834177,8.1762061
0.00536,3.01236187,8.1762061
0.005370000000000001,3.03246237,8.1762061
0.005379999999999999,3.01638197,8.1762061
0.00539,3.03045232,8.1762061
0.0054,3.04452267,7.97520107
0.00541,3.01839202,8.27670861
0.00542,3.02844227,8.27670861
0.00543,3.03045232,8.1762061
0.00544,3.02844227,8.1762061
0.00545,3.02643222,8.02545233
0.00546,3.00834177,7.97520107
0.00547,3.00633171,8.02545233
0.00548,3.05256287,8.1762061
0.00549,3.04251262,8.27670861
0.0055,3.02844227,8.1762061
0.00551,3.02643222,7.97520107
0.005520000000000001,3.04452267,7.97520107
0.005529999999999999,3.03849252,7.92494981
0.00554,3.01638197,7.87469856
0.00555,3.04050257,7.97520107
0.00556,3.02844227,7.97520107
0.00557,3.03648247,7.97520107
0.00558,3.04854277,7.97520107
0.00559,3.03447242,7.92494981
0.0056,3.03648247,7.77419604
0.00561,3.03447242,7.97520107
0.00562,3.04050257,7.87469856
0.00563,3.03447242,7.77419604
0.00564,3.03648247,7.77419604
0.00565,3.04653272,7.77419604
0.00566,3.03648247,7.77419604
0.0056700000000000006,3.04251262,7.62344227
0.005679999999999999,3.03648247,7.77419604
0.00569,3.03246237,7.57319102
0.0057,3.02442217,7.77419604
0.00571,3.04452267,7.77419604
0.00572,3.04452267,7.77419604
0.00573,3.06060307,7.72394479
0.00574,3.04452267,7.67369353
0.00575,3.04653272,7.62344227
0.00576,3.04452267,7.57319102
0.00577,3.03045232,7.57319102
0.00578,3.04854277,7.57319102
0.00579,3.04251262,7.52293976
0.0058,3.03648247,7.57319102
0.00581,3.05256287,7.42243725
0.0058200000000000005,3.04854277,7.37218599
0.00583,3.03447242,7.57319102
0.00584,3.06060307,7.57319102
0.00585,3.05859302,7.42243725
0.00586,3.04050257,7.4726884999999985
0.00587,3.05457292,7.37218599
0.00588,3.05256287,7.57319102
0.00589,3.06261312,7.32193473
0.0059,3.05256287,7.37218599
0.00591,3.05859302,7.37218599
0.00592,3.06060307,7.57319102
0.00593,3.04452267,7.37218599
0.00594,3.04452267,7.4726884999999985
0.00595,3.02844227,7.37218599
0.00596,3.07668347,7.17118096
0.0059700000000000005,3.05859302,7.17118096
0.00598,3.05658297,7.27168348
0.00599,3.06864327,7.37218599
0.006,3.05256287,7.17118096
0.00601,3.05859302,7.32193473
0.00602,3.06864327,7.17118096
0.00603,3.05457292,7.17118096
0.00604,3.06060307,6.97017594
0.00605,3.06060307,6.97017594
0.00606,3.04854277,7.17118096
0.00607,3.04854277,6.91992468
0.00608,3.06060307,6.76917091
0.00609,3.05457292,7.02042719
0.0061,3.04854277,6.86967342
0.00611,3.07065332,6.97017594
0.00612,3.06864327,6.97017594
0.00613,3.06663322,6.81942217
0.00614,3.06462317,6.86967342
0.00615,3.06663322,6.81942217
0.0061600000000000005,3.04452267,6.56816588
0.00617,3.04251262,6.56816588
0.00618,3.05256287,6.76917091
0.00619,3.07668347,6.56816588
0.0062,3.07668347,6.56816588
0.00621,3.07266337,6.51791463
0.006220000000000001,3.06060307,6.56816588
0.006229999999999999,3.06462317,6.41741211
0.00624,3.04452267,6.56816588
0.00625,3.07467342,6.56816588
0.00626,3.05658297,6.36716086
0.00627,3.06462317,6.51791463
0.00628,3.04452267,6.36716086
0.00629,3.05859302,6.16615583
0.0063,3.05256287,6.16615583
0.0063100000000000005,3.07266337,6.3169096
0.00632,3.05256287,6.16615583
0.00633,3.06462317,6.16615583
0.00634,3.06864327,6.16615583
0.00635,3.07065332,6.16615583
0.00636,3.05256287,5.9651508
0.006370000000000001,3.06864327,5.91489955
0.006379999999999999,3.06060307,6.06565332
0.00639,3.04653272,5.9651508
0.0064,3.05256287,5.76414578
0.006409999999999999,3.05055282,5.91489955
0.00642,3.06864327,5.76414578
0.00643,3.08070357,5.81439703
0.00644,3.07668347,5.76414578
0.00645,3.05859302,5.81439703
0.00646,3.06462317,5.86464829
0.00647,3.06864327,5.76414578
0.00648,3.05256287,5.56314075
0.006490000000000001,3.06663322,5.91489955
0.0065,3.06462317,5.56314075
0.006509999999999999,3.06261312,5.71389452
0.006520000000000001,3.04452267,5.76414578
0.006529999999999999,3.04653272,5.56314075
0.006540000000000001,3.06462317,5.46263824
0.00655,3.07065332,5.51288949
0.00656,3.07668347,5.56314075
0.00657,3.05256287,5.21138195
0.00658,3.06060307,5.36213572
0.00659,3.06261312,5.51288949
0.0066,3.06864327,5.36213572
0.00661,3.05457292,5.21138195
0.00662,3.05256287,5.46263824
0.00663,3.05256287,5.21138195
0.006640000000000001,3.03648247,5.36213572
0.00665,3.06060307,5.1611307
0.006659999999999999,3.06060307,5.1611307
0.006670000000000001,3.05457292,5.1611307
0.006679999999999999,3.04452267,4.96012567
0.006690000000000001,3.06261312,4.96012567
0.0067,3.05256287,4.96012567
0.00671,3.05859302,4.96012567
0.00672,3.06060307,4.96012567
0.00673,3.05457292,5.01037693
0.00674,3.05658297,4.85962316
0.00675,3.05457292,4.90987441
0.00676,3.06060307,5.1611307
0.00677,3.07467342,4.96012567
0.00678,3.05658297,4.75912064
0.006790000000000001,3.04653272,4.75912064
0.0068,3.06060307,4.75912064
0.006809999999999999,3.04854277,4.85962316
0.0068200000000000005,3.04050257,4.75912064
0.00683,3.05055282,4.75912064
0.006840000000000001,3.05256287,4.96012567
0.00685,3.04452267,4.60836687
0.00686,3.04854277,4.55811562
0.00687,3.05859302,4.4576131
0.00688,3.03648247,4.55811562
0.00689,3.05859302,4.55811562
0.0069,3.04854277,4.55811562
0.00691,3.04854277,4.55811562
0.00692,3.06060307,4.55811562
0.00693,3.04452267,4.35711059
0.006940000000000001,3.03648247,4.25660808
0.00695,3.04251262,4.65861813
0.006959999999999999,3.03648247,4.35711059
0.0069700000000000005,3.03447242,4.35711059
0.00698,3.02040207,4.25660808
0.0069900000000000006,3.02643222,4.30685933
0.006999999999999999,3.02844227,4.15610556
0.00701,3.05055282,4.05560305
0.00702,3.05256287,4.15610556
0.00703,3.05859302,4.00535179
0.00704,3.05256287,4.15610556
0.00705,3.04050257,3.95510054
0.00706,3.04050257,4.05560305
0.00707,3.03849252,3.95510054
0.00708,3.02844227,3.95510054
0.007090000000000002,3.03849252,3.95510054
0.0071,3.02442217,3.95510054
0.007109999999999998,3.02040207,3.75409551
0.007120000000000001,3.03648247,3.75409551
0.00713,3.04653272,3.90484928
0.007140000000000001,3.04050257,3.85459802
0.00715,3.04050257,3.80434677
0.00716,3.03648247,3.75409551
0.00717,3.04251262,3.75409551
0.00718,3.02040207,3.75409551
0.00719,3.01437192,3.75409551
0.0072,3.01236187,3.55309048
0.0072099999999999985,3.03045232,3.75409551
0.00722,3.02442217,3.653593
0.007229999999999999,3.01839202,3.70384425
0.007240000000000002,3.02844227,3.55309048
0.00725,3.04452267,3.55309048
0.007259999999999998,3.02844227,3.653593
0.00727,3.03648247,3.50283923
0.00728,3.02844227,3.35208546
0.00729,3.02040207,3.40233671
0.0073,3.02844227,3.55309048
0.00731,3.01638197,3.35208546
0.00732,3.01236187,3.15108043
0.00733,3.00633171,3.40233671
0.00734,3.02040207,3.45258797
0.00735,3.00432166,3.35208546
0.0073599999999999985,3.02844227,3.15108043
0.0073700000000000015,3.03246237,3.3018342000000005
0.0073799999999999985,3.02442217,3.25158294
0.007390000000000002,3.01035182,3.15108043
0.0074,3.02844227,3.15108043
0.007409999999999998,3.01437192,3.20133169
0.00742,3.00834177,3.15108043
0.00743,2.99025131,3.00032666
0.00744,2.98824126,3.15108043
0.00745,3.01437192,3.3018342000000005
0.00746,3.00030156,2.9500754
0.00747,2.99025131,3.10082917
0.00748,3.02844227,2.9500754
0.007490000000000002,3.02241212,2.89982415
0.0075,2.99628146,2.74907038
0.0075099999999999984,3.00633171,2.9500754
0.0075200000000000015,2.98824126,2.74907038
0.0075299999999999985,3.00030156,2.74907038
0.0075400000000000016,2.99226136,2.74907038
0.00755,2.98824126,2.74907038
0.007559999999999998,2.99628146,2.54806535
0.00757,3.00231161,2.9500754
0.00758,2.99226136,2.64856786
0.00759,2.98221111,2.69881912
0.0076,2.98824126,2.54806535
0.00761,3.00432166,2.54806535
0.00762,2.99226136,2.54806535
0.00763,2.99226136,2.54806535
0.007640000000000002,2.98824126,2.54806535
0.00765,2.98221111,2.39731158
0.007659999999999998,2.99226136,2.24655781
0.0076700000000000015,2.97819101,2.44756284
0.0076799999999999985,2.99628146,2.34706032
0.0076900000000000015,2.98623121,2.29680907
0.0077,2.97216086,2.1460553
0.00771,2.98422116,2.19630655
0.00772,2.99628146,2.1460553
0.00773,2.99427141,2.09580404
0.00774,2.97618096,2.1460553
0.00775,2.98221111,2.1460553
0.007759999999999999,2.97216086,1.94505027
0.00777,2.96814076,1.84454776
0.00778,2.97618096,1.94505027
0.007790000000000002,2.97417091,1.94505027
0.0078,2.98020106,1.74404524
0.007809999999999998,2.95608046,1.94505027
0.00782,2.96814076,1.74404524
0.00783,2.97216086,1.7942965
0.00784,2.98824126,1.74404524
0.00785,2.98020106,1.59329147
0.007859999999999999,2.97618096,1.64354273
0.00787,2.97216086,1.74404524
0.00788,2.97216086,1.74404524
0.007890000000000001,2.96814076,1.54304022
0.0079,2.96814076,1.34203519
0.007909999999999999,2.95608046,1.49278896
0.00792,2.96412066,1.54304022
0.00793,2.96613071,1.49278896
0.007940000000000001,2.96412066,1.34203519
0.00795,2.98020106,1.39228645
0.00796,2.96412066,1.14103016
0.00797,2.96613071,1.29178393
0.00798,2.95608046,1.34203519
0.00799,2.94402016,1.19128142
0.008,2.94804026,1.14103016
0.00801,2.95206036,1.29178393
0.008020000000000001,2.94000006,1.14103016
0.008029999999999999,2.93396991,0.99027639
0.00804,2.94000006,1.14103016
0.00805,2.95005031,1.14103016
0.00806,2.94000006,1.04052765
0.00807,2.95809051,0.94002514
0.00808,2.95608046,1.14103016
0.00809,2.94402016,0.88977388
0.0081,2.94804026,0.73902011
0.00811,2.93799001,0.73902011
0.00812,2.94804026,0.94002514
0.00813,2.92994981,0.73902011
0.008140000000000001,2.94000006,0.73902011
0.00815,2.93799001,0.73902011
0.008159999999999999,2.92391966,0.73902011
0.00817,2.93597996,0.53801508
0.00818,2.91587945,0.53801508
0.008190000000000001,2.93597996,0.53801508
0.0082,2.93195986,0.53801508
0.00821,2.94402016,0.53801508
0.00822,2.91989955,0.53801508
0.00823,2.92190961,0.33701006
0.00824,2.94000006,0.33701006
0.00825,2.93799001,0.33701006
0.00826,2.91989955,0.23650754
0.00827,2.90783925,0.2867588
0.00828,2.93195986,0.13600503
0.00829,2.91587945,0.18625629
0.0083,2.90783925,0.13600503
0.00831,2.92994981,0.13600503
0.008320000000000001,2.93195986,0.13600503
0.008329999999999999,2.9138694,-0.065
0.00834,2.92391966,-0.065
0.00835,2.9058292000000003,-0.065
0.00836,2.92391966,0.13600503
0.00837,2.91587945,-0.065
0.00838,2.89979905,-0.065
0.00839,2.90381915,-0.21575377
0.0084,2.89979905,-0.26600502
0.008409999999999999,2.89979905,-0.26600502
0.00842,2.91989955,-0.26600502
0.00843,2.92994981,-0.26600502
0.008440000000000001,2.90783925,-0.26600502
0.00845,2.897789,-0.21575377
0.008459999999999999,2.90783925,-0.36650754
0.00847,2.90381915,-0.31625628
0.00848,2.90783925,-0.26600502
0.008490000000000001,2.8897488,-0.61776382
0.0085,2.90783925,-0.56751256
0.00851,2.8937689,-0.51726131
0.00852,2.90783925,-0.46701005
0.00853,2.8937689,-0.46701005
0.00854,2.89577895,-0.56751256
0.00855,2.9058292000000003,-0.36650754
0.00856,2.88371865,-0.66801508
0.00857,2.90783925,-0.46701005
0.008579999999999999,2.88371865,-0.66801508
0.00859,2.897789,-0.66801508
0.0086,2.89175885,-0.66801508
0.00861,2.88371865,-0.71826633
0.008620000000000001,2.88773875,-0.66801508
0.00863,2.8736684,-0.81876885
0.00864,2.87567845,-0.66801508
0.00865,2.8776885,-0.91927136
0.00866,2.89979905,-0.96952262
0.00867,2.8937689,-1.01977387
0.00868,2.89175885,-1.07002513
0.00869,2.88371865,-1.07002513
0.0087,2.87969855,-1.07002513
0.008709999999999999,2.87969855,-1.01977387
0.00872,2.88371865,-1.07002513
0.00873,2.87567845,-1.2207788999999998
0.008740000000000001,2.86763825,-1.07002513
0.00875,2.85155785,-1.07002513
0.008759999999999999,2.85959805,-1.07002513
0.00877,2.8817086,-1.42178393
0.00878,2.87165835,-1.27103016
0.008790000000000001,2.87969855,-1.27103016
0.0088,2.88371865,-1.27103016
0.00881,2.87567845,-1.32128141
0.00882,2.87165835,-1.47203518
0.00883,2.87165835,-1.37153267
0.00884,2.85155785,-1.47203518
0.00885,2.85557795,-1.47203518
0.00886,2.86763825,-1.47203518
0.008870000000000001,2.86361815,-1.52228644
0.008879999999999999,2.85155785,-1.67304021
0.00889,2.8696483,-1.67304021
0.0089,2.86763825,-1.77354272
0.00891,2.8616081,-1.67304021
0.00892,2.86763825,-1.87404524
0.00893,2.85155785,-1.72329147
0.00894,2.84351765,-1.97454775
0.00895,2.85959805,-1.92429649
0.00896,2.85959805,-2.07505026
0.00897,2.85155785,-1.92429649
0.00898,2.84351765,-2.07505026
0.00899,2.83145734,-2.07505026
0.009000000000000001,2.84351765,-2.07505026
0.00901,2.857588,-2.27605529
0.00902,2.83949755,-2.17555278
0.00903,2.85557795,-2.32630655
0.00904,2.85155785,-2.47706032
0.00905,2.84351765,-2.27605529
0.00906,2.83949755,-2.3765578
0.00907,2.84351765,-2.42680906
0.00908,2.82743724,-2.47706032
0.00909,2.84351765,-2.52731157
0.0091,2.83145734,-2.47706032
0.00911,2.82140709,-2.62781409
0.00912,2.84351765,-2.67806534
0.00913,2.8455277000000003,-2.62781409
0.00914,2.83949755,-2.57756283
0.00915,2.84351765,-2.62781409
0.00916,2.82743724,-2.67806534
0.00917,2.82743724,-2.67806534
0.00918,2.82743724,-2.67806534
0.00919,2.8334674,-2.57756283
0.0092,2.81939704,-2.87907037
0.00921,2.81135684,-2.82881911
0.00922,2.81537694,-2.97957288
0.00923,2.81537694,-2.87907037
0.00924,2.81135684,-2.87907037
0.00925,2.83145734,-2.87907037
0.00926,2.81939704,-2.97957288
0.00927,2.81738699,-3.0800754
0.00928,2.81135684,-3.28108042
0.00929,2.81336689,-3.0800754
0.0093,2.82743724,-3.0800754
0.00931,2.81336689,-3.23082917
0.00932,2.81939704,-3.0800754
0.00933,2.80733674,-3.28108042
0.00934,2.80733674,-3.28108042
0.00935,2.80331664,-3.48208545
0.00936,2.83547745,-3.28108042
0.00937,2.82140709,-3.33133168
0.00938,2.80733674,-3.48208545
0.00939,2.80331664,-3.43183419
0.0094,2.81939704,-3.68309048
0.00941,2.80934679,-3.53233671
0.00942,2.80733674,-3.58258796
0.00943,2.78924629,-3.68309048
0.00944,2.79527644,-3.68309048
0.00945,2.80934679,-3.68309048
0.00946,2.78723624,-3.58258796
0.00947,2.79929654,-3.4318342000000004
0.00948,2.82743724,-3.68309048
0.00949,2.82140709,-3.83384425
0.0095,2.81135684,-3.78359299
0.00951,2.80733674,-3.8840955
0.00952,2.78723624,-3.8840955
0.00953,2.79527644,-3.8840955
0.00954,2.79929654,-3.8840955
0.00955,2.78723624,-4.08510053
0.00956,2.80331664,-4.08510053
0.00957,2.79527644,-4.13535179
0.00958,2.79125634,-4.08510053
0.00959,2.79527644,-4.03484927
0.0096,2.81135684,-4.28610556
0.00961,2.80934679,-4.08510053
0.00962,2.79125634,-4.28610556
0.00963,2.78723624,-4.13535179
0.00964,2.78723624,-4.48711058
0.00965,2.78924629,-4.28610556
0.00966,2.79527644,-4.28610556
0.00967,2.78924629,-4.28610556
0.00968,2.77919604,-4.28610556
0.00969,2.77316589,-4.18560304
0.0097,2.77517594,-4.38660807
0.00971,2.79326639,-4.48711058
0.00972,2.80331664,-4.48711058
0.00973,2.78120609,-4.48711058
0.00974,2.79125634,-4.48711058
0.00975,2.77919604,-4.48711058
0.00976,2.77115584,-4.48711058
0.00977,2.78723624,-4.53736184
0.00978,2.76713574,-4.5876131
0.00979,2.76713574,-4.73836687
0.0098,2.78723624,-4.68811561
0.00981,2.76512569,-4.53736184
0.00982,2.76311564,-4.5876131
0.00983,2.79728649,-4.68811561
0.00984,2.78723624,-4.68811561
0.00985,2.78321614,-4.83886938
0.00986,2.78321614,-4.78861812
0.00987,2.77919604,-4.73836687
0.00988,2.77115584,-4.88912064
0.00989,2.76512569,-4.73836687
0.0099,2.76713574,-4.88912064
0.00991,2.77316589,-5.09012567
0.00992,2.77115584,-4.88912064
0.00993,2.77718599,-5.03987441
0.00994,2.76311564,-4.98962315
0.00995,2.78924629,-4.88912064
0.00996,2.77919604,-5.09012567
0.00997,2.76713574,-5.09012567
0.00998,2.78723624,-5.09012567
0.00999,2.77115584,-5.24087943
0.01,2.77115584,-5.29113069
0.01001,2.78120609,-5.24087944
0.01002,2.76713574,-5.29113069
0.01003,2.77919604,-5.29113069
0.01004,2.76311564,-5.29113069
0.01005,2.76311564,-5.29113069
0.01006,2.79929654,-5.29113069
0.01007,2.76914579,-5.29113069
0.01008,2.78723624,-5.29113069
0.01009,2.77316589,-5.44188446
0.0101,2.77517594,-5.3916332
0.01011,2.76713574,-5.44188446
0.01012,2.76311564,-5.49213572
0.01013,2.75909554,-5.49213572
0.01014,2.77919604,-5.3916332
0.01015,2.75306539,-5.49213572
0.01016,2.77115584,-5.29113069
0.01017,2.76110559,-5.64288949
0.01018,2.77115584,-5.59263823
0.01019,2.75909554,-5.69314075
0.0102,2.77919604,-5.49213572
0.01021,2.76713574,-5.64288949
0.01022,2.77115584,-5.79364326
0.01023,2.77115584,-5.69314075
0.01024,2.77115584,-5.69314075
0.01025,2.75507544,-5.69314075
0.01026,2.74703524,-5.79364326
0.01027,2.76311564,-5.94439703
0.01028,2.74703524,-5.69314075
0.01029,2.74502518,-5.89414577
0.0103,2.76713574,-5.79364326
0.01031,2.76914579,-5.79364326
0.01032,2.77919604,-6.0951508
0.01033,2.76110559,-5.89414577
0.01034,2.76311564,-5.89414577
0.01035,2.75306539,-5.94439703
0.01036,2.76311564,-5.89414577
0.01037,2.75507544,-6.0951508
0.01038,2.75909554,-6.0951508
0.01039,2.77115584,-6.14540206
0.0104,2.76311564,-6.0951508
0.01041,2.78522619,-6.0951508
0.01042,2.77115584,-6.0951508
0.01043,2.77115584,-6.29615583
0.01044,2.76311564,-6.0951508
0.01045,2.75306539,-6.29615583
0.01046,2.75507544,-6.29615583
0.01047,2.75306539,-6.29615583
0.01048,2.77115584,-6.29615583
0.01049,2.75708549,-6.29615583
0.0105,2.75105534,-6.39665834
0.01051,2.75105534,-6.49716085
0.01052,2.73899503,-6.49716085
0.01053,2.77316589,-6.49716085
0.01054,2.76713574,-6.39665834
0.01055,2.77316589,-6.69816588
0.01056,2.77115584,-6.69816588
0.01057,2.77316589,-6.69816588
0.01058,2.77115584,-6.69816588
0.01059,2.77115584,-6.69816588
0.0106,2.75507544,-6.49716085
0.01061,2.76512569,-6.89917091
0.01062,2.73899503,-6.79866839
0.01063,2.75105534,-6.74841714
0.01064,2.77115584,-6.89917091
0.01065,2.77115584,-6.89917091
0.01066,2.78321614,-6.89917091
0.01067,2.77115584,-7.04992468
0.01068,2.76311564,-6.89917091
0.01069,2.77517594,-6.94942216
0.0107,2.75105534,-6.99967342
0.01071,2.75708549,-7.15042719
0.01072,2.74703524,-6.89917091
0.01073,2.76512569,-7.10017593
0.01074,2.75105534,-6.99967342
0.01075,2.76311564,-6.89917091
0.01076,2.76311564,-6.89917091
0.01077,2.76914579,-7.10017593
0.01078,2.75507544,-7.10017593
0.01079,2.76713574,-7.2509297
0.0108,2.77919604,-7.10017593
0.01081,2.76713574,-7.10017593
0.01082,2.77517594,-7.40168347
0.01083,2.77115584,-7.35143222
0.01084,2.75507544,-7.30118096
0.01085,2.76110559,-7.35143222
0.01086,2.75105534,-7.40168347
0.01087,2.77115584,-7.50218599
0.01088,2.77919604,-7.30118096
0.01089,2.78120609,-7.35143222
0.0109,2.76713574,-7.50218599
0.01091,2.77517594,-7.55243724
0.01092,2.78723624,-7.30118096
0.01093,2.77316589,-7.35143222
0.01094,2.77517594,-7.50218599
0.01095,2.76311564,-7.50218599
0.01096,2.77115584,-7.70319101
0.01097,2.76914579,-7.65293976
0.01098,2.76311564,-7.80369353
0.01099,2.76311564,-7.70319101
0.011,2.77115584,-7.90419604
0.01101,2.76713574,-7.85394478
0.01102,2.78321614,-7.80369353
0.01103,2.78723624,-7.90419604
0.01104,2.76311564,-7.70319101
0.01105,2.78522619,-7.70319101
0.01106,2.76713574,-7.90419604
0.01107,2.76512569,-7.90419604
0.01108,2.77919604,-7.90419604
0.01109,2.77115584,-7.75344227
0.0111,2.76311564,-8.00469855
0.01111,2.80331664,-7.90419604
0.01112,2.79527644,-7.90419604
0.01113,2.79326639,-7.90419604
0.01114,2.78321614,-8.00469855
0.01115,2.77919604,-7.75344227
0.01116,2.79527644,-7.70319101
0.01117,2.78120609,-7.9544473
0.01118,2.77919604,-7.90419604
0.01119,2.77718599,-7.90419604
0.0112,2.78723624,-8.10520107
0.01121,2.76914579,-8.00469855
0.01122,2.76311564,-8.20570358
0.01123,2.80532669,-8.30620609
0.01124,2.80331664,-8.10520107
0.01125,2.80331664,-8.05494981
0.01126,2.78321614,-8.10520107
0.01127,2.77919604,-8.35645735
0.01128,2.78723624,-8.10520107
0.01129,2.79326639,-8.30620609
0.0113,2.79125634,-8.10520107
0.01131,2.79527644,-8.15545232
0.01132,2.77919604,-8.30620609
0.01133,2.78120609,-8.30620609
0.01134,2.79929654,-8.10520107
0.01135,2.78723624,-8.30620609
0.01136,2.80331664,-8.10520107
0.01137,2.79929654,-8.10520107
0.01138,2.80733674,-8.50721112
0.01139,2.78522619,-8.50721112
0.0114,2.80331664,-8.10520107
0.01141,2.79125634,-8.35645735
0.01142,2.79929654,-8.40670861
0.01143,2.81135684,-8.30620609
0.01144,2.80331664,-8.10520107
0.01145,2.79125634,-8.30620609
0.01146,2.81537694,-8.50721112
0.01147,2.81336689,-8.45695986
0.01148,2.81939704,-8.50721112
0.01149,2.80532669,-8.45695986
0.0115,2.79527644,-8.50721112
0.01151,2.78120609,-8.50721112
0.01152,2.81939704,-8.50721112
0.01153,2.80532669,-8.45695986
0.01154,2.80733674,-8.40670861
0.01155,2.79929654,-8.35645735
0.01156,2.81135684,-8.30620609
0.01157,2.81135684,-8.45695986
0.01158,2.81135684,-8.40670861
0.01159,2.82140709,-8.50721112
0.0116,2.79527644,-8.50721112
0.01161,2.81939704,-8.35645735
0.01162,2.81537694,-8.40670861
0.01163,2.82341714,-8.50721112
0.01164,2.81939704,-8.50721112
0.01165,2.80934679,-8.40670861
0.01166,2.79929654,-8.70821615
0.01167,2.8374875,-8.50721112
0.01168,2.82743724,-8.50721112
0.01169,2.81135684,-8.45695986
0.0117,2.81537694,-8.50721112
0.01171,2.82944729,-8.50721112
0.01172,2.83547745,-8.50721112
0.01173,2.8334674,-8.65796489
0.01174,2.84753775,-8.70821615
0.01175,2.84351765,-8.60771363
0.01176,2.83547745,-8.50721112
0.01177,2.83145734,-8.65796489
0.01178,2.83547745,-8.70821615
0.01179,2.8334674,-8.55746238
0.0118,2.81939704,-8.70821615
0.01181,2.8374875,-8.70821615
0.01182,2.82341714,-8.70821615
0.01183,2.81939704,-8.65796489
0.01184,2.82743724,-8.90922117
0.01185,2.8374875,-8.85896992
0.01186,2.84753775,-8.70821615
0.01187,2.82140709,-8.65796489
0.01188,2.85959805,-8.70821615
0.01189,2.83949755,-8.70821615
0.0119,2.83949755,-8.80871866
0.01191,2.8334674,-8.70821615
0.01192,2.85155785,-8.70821615
0.01193,2.8334674,-8.90922117
0.01194,2.83145734,-8.90922117
0.01195,2.85557795,-8.70821615
0.01196,2.84351765,-8.90922117
0.01197,2.8415076,-8.90922117
0.01198,2.85959805,-9.00972369
0.01199,2.85155785,-8.90922117
0.012,2.85155785,-8.90922117
0.01201,2.84351765,-8.70821615
0.01202,2.85557795,-8.60771363
0.01203,2.85557795,-8.85896992
0.01204,2.85959805,-8.70821615
0.01205,2.84351765,-8.7584674
0.01206,2.85155785,-8.80871866
0.01207,2.8535679,-8.85896992
0.01208,2.85155785,-8.90922117
0.01209,2.8696483,-8.70821615
0.0121,2.87165835,-8.80871866
0.01211,2.86763825,-8.90922117
0.01212,2.85959805,-8.90922117
0.01213,2.8535679,-9.05997494
0.01214,2.84351765,-8.70821615
0.01215,2.85557795,-8.80871866
0.01216,2.85155785,-8.90922117
0.01217,2.88773875,-8.90922117
0.01218,2.87165835,-8.80871866
0.01219,2.8616081,-8.90922117
0.0122,2.88371865,-9.1102262
0.01221,2.88371865,-8.90922117
0.01222,2.88371865,-8.90922117
0.01223,2.8696483,-8.80871866
0.01224,2.88371865,-8.70821615
0.01225,2.87567845,-8.7584674
0.01226,2.87567845,-8.90922117
0.01227,2.89175885,-8.7584674
0.01228,2.87567845,-8.90922117
0.01229,2.8736684,-8.85896992
0.0123,2.87567845,-8.90922117
0.01231,2.87969855,-8.90922117
0.01232,2.89979905,-8.90922117
0.01233,2.89175885,-8.95947243
0.01234,2.88773875,-8.90922117
0.01235,2.86763825,-8.85896992
0.01236,2.88371865,-8.90922117
0.01237,2.8937689,-8.95947243
0.01238,2.90381915,-8.90922117
0.01239,2.88371865,-8.95947243
0.0124,2.89175885,-9.1102262
0.01241,2.8897488,-8.70821615
0.01242,2.89577895,-8.80871866
0.01243,2.8817086,-8.90922117
0.01244,2.87567845,-8.90922117
0.01245,2.89175885,-8.90922117
0.01246,2.90783925,-8.80871866
0.01247,2.90381915,-9.00972369
0.01248,2.89979905,-8.70821615
0.01249,2.89979905,-8.95947243
0.0125,2.89979905,-8.70821615
0.01251,2.9018091,-8.7584674
0.01252,2.88371865,-8.90922117
0.01253,2.9058292000000003,-8.90922117
0.01254,2.90783925,-8.80871866
0.01255,2.9178895,-8.80871866
0.01256,2.89979905,-8.90922117
0.01257,2.91989955,-8.90922117
0.01258,2.91587945,-8.80871866
0.01259,2.89979905,-8.85896992
0.0126,2.90783925,-8.90922117
0.01261,2.9058292000000003,-8.90922117
0.01262,2.91989955,-8.80871866
0.01263,2.91185935,-8.90922117
0.01264,2.91587945,-8.70821615
0.01265,2.91989955,-8.90922117
0.01266,2.92391966,-8.90922117
0.01267,2.91989955,-8.90922117
0.01268,2.90783925,-8.70821615
0.01269,2.91989955,-8.80871866
0.0127,2.92793976,-8.80871866
0.01271,2.91587945,-9.05997494
0.01272,2.93195986,-8.90922117
0.01273,2.92994981,-8.90922117
0.01274,2.93195986,-8.80871866
0.01275,2.94201011,-8.80871866
0.01276,2.94000006,-8.90922117
0.01277,2.93799001,-8.90922117
0.01278,2.92391966,-8.80871866
0.01279,2.93396991,-8.70821615
0.0128,2.93195986,-8.90922117
0.01281,2.93195986,-8.90922117
0.012819999999999998,2.96010056,-8.90922117
0.01283,2.95005031,-8.90922117
0.01284,2.94804026,-8.70821615
0.01285,2.93799001,-8.85896992
0.01286,2.94000006,-8.80871866
0.01287,2.95005031,-8.85896992
0.01288,2.93195986,-8.90922117
0.01289,2.94804026,-9.05997494
0.0129,2.95206036,-8.70821615
0.01291,2.92592971,-8.90922117
0.01292,2.96412066,-8.70821615
0.01293,2.95809051,-8.60771363
0.01294,2.94804026,-8.80871866
0.01295,2.94201011,-8.70821615
0.01296,2.94000006,-8.50721112
0.01297,2.95809051,-8.85896992
0.012980000000000002,2.94804026,-8.90922117
0.01299,2.94000006,-8.7584674
0.013,2.96412066,-8.70821615
0.01301,2.94804026,-8.85896992
0.01302,2.96814076,-8.60771363
0.013030000000000002,2.96613071,-8.90922117
0.01304,2.95608046,-8.90922117
0.01305,2.97417091,-8.85896992
0.01306,2.96412066,-8.80871866
0.013069999999999998,2.96613071,-8.85896992
0.01308,2.95608046,-8.50721112
0.01309,2.94603021,-8.7584674
0.0131,2.95206036,-8.70821615
0.01311,2.95809051,-8.70821615
0.01312,2.94804026,-8.70821615
0.01313,2.98422116,-8.65796489
0.01314,2.98422116,-8.60771363
0.01315,2.97216086,-8.70821615
0.01316,2.98020106,-8.90922117
0.01317,2.97216086,-8.70821615
0.01318,2.96010056,-8.70821615
0.01319,2.95206036,-8.50721112
0.0132,2.98020106,-8.70821615
0.01321,2.97417091,-8.70821615
0.01322,2.96412066,-8.50721112
0.01323,2.97417091,-8.65796489
0.01324,2.98824126,-8.70821615
0.01325,2.98422116,-8.50721112
0.01326,2.98422116,-8.70821615
0.01327,2.97216086,-8.55746238
0.013280000000000002,2.98824126,-8.70821615
0.01329,2.98623121,-8.65796489
0.0133,2.98020106,-8.60771363
0.01331,2.98422116,-8.65796489
0.01332,2.98020106,-8.70821615
0.013330000000000002,2.97618096,-8.70821615
0.01334,2.99628146,-8.40670861
0.01335,2.98824126,-8.50721112
0.01336,2.99628146,-8.50721112
0.013369999999999998,2.98824126,-8.65796489
0.01338,2.99226136,-8.40670861
0.01339,2.98221111,-8.55746238
0.0134,2.99628146,-8.50721112
0.01341,2.99025131,-8.50721112
0.01342,2.98824126,-8.60771363
0.01343,2.99226136,-8.50721112
0.01344,3.00432166,-8.50721112
0.01345,3.00231161,-8.50721112
0.01346,2.99226136,-8.50721112
0.01347,2.98824126,-8.35645735
0.01348,3.00432166,-8.30620609
0.01349,3.00834177,-8.35645735
0.0135,2.99226136,-8.40670861
0.01351,3.00633171,-8.35645735
0.01352,3.01236187,-8.30620609
0.01353,2.98221111,-8.50721112
0.01354,2.99226136,-8.50721112
0.01355,3.02040207,-8.30620609
0.01356,3.02040207,-8.50721112
0.01357,2.99628146,-8.35645735
0.013580000000000002,3.00432166,-8.30620609
0.01359,3.01638197,-8.30620609
0.0136,3.02040207,-8.50721112
0.01361,3.00432166,-7.9544473
0.013619999999999998,3.00432166,-8.30620609
0.01363,2.99628146,-8.30620609
0.01364,3.02040207,-8.30620609
0.01365,3.01236187,-8.25595484
0.01366,3.01236187,-8.30620609
0.013669999999999998,3.02241212,-7.9544473
0.01368,3.04452267,-8.30620609
0.01369,3.02844227,-8.10520107
0.0137,3.02040207,-8.30620609
0.01371,3.02040207,-7.9544473
0.01372,3.02844227,-8.30620609
0.01373,3.01638197,-8.30620609
0.01374,3.00834177,-8.10520107
0.01375,3.02040207,-8.30620609
0.01376,3.02844227,-8.10520107
0.01377,3.02040207,-8.10520107
0.01378,3.02442217,-8.10520107
0.01379,3.03045232,-7.9544473
0.0138,3.03648247,-8.10520107
0.01381,3.01638197,-8.10520107
0.01382,3.02040207,-8.10520107
0.01383,3.03246237,-8.05494981
0.01384,3.03648247,-8.10520107
0.01385,3.01035182,-7.90419604
0.01386,3.02844227,-8.10520107
0.01387,3.05055282,-8.10520107
0.013880000000000002,3.02844227,-7.90419604
0.01389,3.03447242,-7.85394478
0.0139,3.03648247,-8.00469855
0.01391,3.02241212,-7.9544473
0.013919999999999998,3.05256287,-7.90419604
0.01393,3.03648247,-7.90419604
0.01394,3.02442217,-7.90419604
0.01395,3.03849252,-7.90419604
0.01396,3.01236187,-7.90419604
0.013969999999999998,3.02040207,-7.90419604
0.01398,3.02844227,-7.80369353
0.01399,3.06261312,-7.55243724
0.014,3.06060307,-7.90419604
0.01401,3.03849252,-7.85394478
0.01402,3.04854277,-7.90419604
0.01403,3.05055282,-7.85394478
0.01404,3.02844227,-7.70319101
0.01405,3.03447242,-7.70319101
0.01406,3.03648247,-7.70319101
0.01407,3.03246237,-7.70319101
0.01408,3.03648247,-7.30118096
0.01409,3.05055282,-7.70319101
0.0141,3.04050257,-7.70319101
0.01411,3.03849252,-7.75344227
0.01412,3.03648247,-7.70319101
0.014130000000000004,3.04653272,-7.65293976
0.01414,3.04854277,-7.602688499999997
0.01415,3.05256287,-7.65293976
0.01416,3.05256287,-7.50218599
0.01417,3.02844227,-7.65293976
0.014180000000000003,3.04854277,-7.602688499999997
0.01419,3.06261312,-7.50218599
0.0142,3.04452267,-7.50218599
0.01421,3.06462317,-7.50218599
0.014219999999999997,3.05256287,-7.50218599
0.01423,3.05055282,-7.50218599
0.01424,3.04452267,-7.30118096
0.01425,3.04251262,-7.35143222
0.01426,3.04452267,-7.30118096
0.01427,3.04050257,-7.35143222
0.01428,3.03648247,-7.30118096
0.01429,3.06060307,-7.45193473
0.0143,3.04854277,-7.40168347
0.01431,3.06864327,-7.45193473
0.01432,3.06864327,-7.10017593
0.01433,3.06261312,-7.30118096
0.01434,3.05658297,-7.30118096
0.01435,3.06462317,-7.30118096
0.01436,3.06864327,-7.30118096
0.01437,3.04050257,-7.10017593
0.01438,3.05658297,-6.99967342
0.01439,3.05256287,-7.04992468
0.0144,3.06060307,-7.10017593
0.01441,3.08673372,-6.89917091
0.01442,3.07668347,-6.89917091
0.014430000000000004,3.07065332,-6.94942216
0.01444,3.06060307,-6.89917091
0.01445,3.06261312,-6.79866839
0.01446,3.06462317,-6.79866839
0.014469999999999997,3.05859302,-6.89917091
0.014480000000000003,3.06060307,-6.69816588
0.01449,3.04251262,-6.74841714
0.0145,3.05658297,-6.79866839
0.01451,3.04653272,-6.74841714
0.014519999999999996,3.06060307,-6.69816588
0.01453,3.05256287,-6.69816588
0.01454,3.06462317,-6.59766337
0.01455,3.05055282,-6.49716085
0.01456,3.06060307,-6.69816588
0.01457,3.06663322,-6.64791462
0.01458,3.06060307,-6.39665834
0.01459,3.06864327,-6.34640708
0.0146,3.05256287,-6.49716085
0.01461,3.05658297,-6.29615583
0.01462,3.04452267,-6.39665834
0.01463,3.07467342,-6.29615583
0.01464,3.07668347,-6.29615583
0.01465,3.06060307,-6.29615583
0.01466,3.06462317,-6.29615583
0.01467,3.06462317,-6.14540206
0.01468,3.07668347,-6.0951508
0.01469,3.05055282,-6.0951508
0.0147,3.05658297,-5.99464828
0.01471,3.06462317,-5.94439703
0.01472,3.06864327,-6.0951508
0.014730000000000004,3.06864327,-5.94439703
0.01474,3.07266337,-5.79364326
0.01475,3.06663322,-5.94439703
0.01476,3.06060307,-5.89414577
0.014769999999999997,3.06261312,-5.89414577
0.01478,3.06462317,-5.99464829
0.01479,3.06261312,-5.84389451
0.0148,3.04452267,-5.89414577
0.01481,3.05055282,-5.89414577
0.014819999999999996,3.04854277,-5.79364326
0.01483,3.05658297,-5.69314075
0.01484,3.05256287,-5.69314075
0.01485,3.05859302,-5.84389452
0.01486,3.07668347,-5.49213572
0.01487,3.07266337,-5.69314075
0.01488,3.06864327,-5.49213572
0.01489,3.05256287,-5.34138195
0.0149,3.06462317,-5.3916332
0.01491,3.06462317,-5.49213572
0.01492,3.06864327,-5.49213572
0.01493,3.04854277,-5.44188446
0.01494,3.05658297,-5.39163321
0.01495,3.05256287,-5.29113069
0.01496,3.05256287,-5.29113069
0.01497,3.05859302,-5.29113069
0.014980000000000004,3.06864327,-5.39163321
0.01499,3.05658297,-5.14037692
0.015,3.06864327,-5.09012567
0.01501,3.06462317,-5.14037692
0.01502,3.05256287,-4.88912064
0.015030000000000003,3.06663322,-4.88912064
0.01504,3.06864327,-5.09012566
0.01505,3.04452267,-4.93937189
0.01506,3.04452267,-5.09012567
0.015069999999999997,3.04854277,-4.9393719
0.01508,3.05256287,-4.88912064
0.01509,3.04050257,-4.68811561
0.0151,3.06462317,-4.98962315
0.01511,3.04854277,-4.88912064
0.015119999999999996,3.05256287,-4.68811561
0.01513,3.05055282,-4.83886938
0.01514,3.04050257,-4.68811561
0.01515,3.04653272,-4.68811561
0.01516,3.06060307,-4.68811561
0.01517,3.03246237,-4.53736184
0.01518,3.04452267,-4.68811561
0.01519,3.04050257,-4.53736184
0.0152,3.03648247,-4.68811561
0.01521,3.02844227,-4.63786436
0.01522,3.05256287,-4.48711058
0.01523,3.05055282,-4.53736184
0.01524,3.04452267,-4.68811561
0.01525,3.05457292,-4.53736184
0.01526,3.03648247,-4.48711058
0.01527,3.05457292,-4.48711058
0.015280000000000004,3.02844227,-4.48711058
0.01529,3.03447242,-4.48711058
0.0153,3.04050257,-4.38660807
0.01531,3.03648247,-4.2358543
0.01532,3.02844227,-4.28610556
0.015330000000000003,3.03849252,-4.33635681
0.01534,3.04050257,-4.18560304
0.01535,3.04050257,-4.2358543
0.01536,3.03648247,-4.08510053
0.015369999999999997,3.03447242,-4.28610556
0.01538,3.04050257,-4.18560304
0.01539,3.04251262,-4.08510053
0.0154,3.03648247,-3.8840955
0.01541,3.02040207,-4.13535179
0.01542,3.02442217,-4.08510053
0.01543,3.02241212,-4.03484927
0.01544,3.02040207,-3.8840955
0.01545,3.02442217,-4.08510053
0.01546,3.04452267,-3.8840955
0.01547,3.03447242,-3.8840955
0.01548,3.02040207,-3.68309048
0.01549,3.03246237,-3.8840955
0.0155,3.02442217,-3.78359299
0.01551,3.02643222,-3.73334174
0.01552,3.03648247,-3.68309048
0.01553,3.02040207,-3.68309048
0.01554,3.01236187,-3.78359299
0.01555,3.02241212,-3.38158294
0.01556,3.02040207,-3.68309048
0.01557,3.03246237,-3.63283922
0.015580000000000004,3.03648247,-3.58258796
0.01559,3.01437192,-3.53233671
0.0156,3.02040207,-3.68309048
0.01561,3.02442217,-3.48208545
0.015619999999999997,3.02040207,-3.48208545
0.01563,3.01035182,-3.48208545
0.01564,3.02844227,-3.48208545
0.01565,3.00834177,-3.48208545
0.01566,3.01638197,-3.28108042
0.01567,3.02040207,-3.28108042
0.01568,3.05256287,-3.28108043
0.01569,3.03648247,-3.4318342000000004
0.0157,3.01638197,-3.28108042
0.01571,3.01035182,-3.48208545
0.015719999999999998,3.00432166,-3.28108042
0.01573,3.02241212,-3.28108042
0.01574,3.01236187,-3.28108042
0.01575,3.01638197,-3.28108042
0.01576,3.00432166,-2.87907037
0.01577,3.01236187,-3.0800754
0.015780000000000002,3.00834177,-2.97957288
0.015790000000000002,3.00432166,-3.0800754
0.0158,3.01236187,-2.87907037
0.01581,3.00432166,-2.87907037
0.015819999999999997,2.99628146,-2.87907037
0.01583,3.00834177,-3.0800754
0.01584,2.99628146,-2.87907037
0.01585,2.99829151,-2.87907037
0.01586,2.98824126,-2.97957288
0.01587,2.98824126,-2.82881911
0.015880000000000002,2.98020106,-2.47706032
0.01589,2.99628146,-2.67806534
0.0159,2.98422116,-2.67806534
0.01591,2.98623121,-2.82881911
0.01592,3.00432166,-2.87907037
0.01593,2.98824126,-2.67806534
0.01594,2.99628146,-2.67806534
0.01595,2.98824126,-2.67806534
0.01596,2.98824126,-2.47706032
0.015969999999999998,2.98623121,-2.47706032
0.01598,2.98020106,-2.47706032
0.01599,2.97618096,-2.32630655
0.016,2.97216086,-2.27605529
0.01601,2.97216086,-2.27605529
0.01602,2.97216086,-2.27605529
0.016030000000000003,3.00231161,-2.27605529
0.016040000000000002,2.98824126,-2.27605529
0.01605,2.99226136,-2.27605529
0.016059999999999998,2.97618096,-2.27605529
0.016069999999999997,2.97618096,-2.07505026
0.01608,2.99628146,-2.07505026
0.01609,2.96814076,-2.02479901
0.0161,2.96814076,-1.97454775
0.01611,2.96613071,-2.02479901
0.01612,2.96412066,-1.87404524
0.016130000000000002,2.97015081,-1.87404524
0.01614,2.97618096,-1.97454775
0.01615,2.97819101,-1.77354272
0.01616,2.99628146,-1.67304021
0.01617,2.97417091,-1.72329147
0.01618,2.98824126,-1.67304021
0.01619,2.97015081,-1.82379398
0.0162,2.97216086,-1.47203518
0.01621,2.97216086,-1.82379398
0.01622,2.96814076,-1.67304021
0.01623,2.97015081,-1.52228644
0.01624,2.98020106,-1.47203518
0.01625,2.95608046,-1.42178393
0.01626,2.96412066,-1.47203518
0.01627,2.97618096,-1.47203518
0.016280000000000003,2.98824126,-1.47203518
0.01629,2.95809051,-1.47203518
0.0163,2.97216086,-1.27103016
0.016309999999999998,2.95206036,-1.27103016
0.016319999999999998,2.96412066,-1.27103016
0.01633,2.96412066,-1.2207788999999998
0.01634,2.94402016,-1.07002513
0.01635,2.95809051,-1.12027639
0.01636,2.96412066,-1.07002513
0.01637,2.93597996,-1.07002513
0.016380000000000002,2.93195986,-1.07002513
0.016390000000000002,2.95809051,-1.07002513
0.0164,2.94000006,-1.07002513
0.01641,2.94201011,-0.96952262
0.01642,2.94402016,-0.8690201
0.01643,2.92994981,-0.8690201
0.01644,2.94000006,-1.07002513
0.01645,2.93799001,-0.96952262
0.01646,2.93597996,-0.56751256
0.01647,2.93799001,-0.66801508
0.01648,2.92391966,-0.46701005
0.01649,2.92994981,-0.61776382
0.0165,2.94000006,-0.36650754
0.01651,2.95407041,-0.46701005
0.01652,2.94000006,-0.46701005
0.01653,2.92592971,-0.61776382
0.01654,2.94000006,-0.46701005
0.01655,2.92793976,-0.51726131
0.01656,2.92391966,-0.26600502
0.016569999999999998,2.93195986,-0.26600502
0.01658,2.91989955,-0.36650754
0.01659,2.92793976,-0.41675879
0.0166,2.92391966,-0.46701005
0.01661,2.92592971,-0.41675879
0.01662,2.92793976,-0.065
0.016630000000000002,2.92190961,0.08575377
0.016640000000000002,2.93195986,-0.065
0.01665,2.91989955,-0.065
0.016659999999999998,2.91185935,0.03550252
0.016669999999999997,2.91989955,-0.065
0.01668,2.90783925,-0.065
0.01669,2.90783925,0.08575377
0.0167,2.91587945,0.03550252
0.01671,2.9178895,-0.01474874
0.01672,2.89979905,0.13600503
0.016730000000000002,2.90783925,-0.065
0.01674,2.91587945,0.03550252
0.01675,2.91989955,0.2867588
0.01676,2.89979905,0.13600503
0.01677,2.9178895,0.13600503
0.01678,2.90783925,0.33701006
0.01679,2.8937689,0.33701006
0.0168,2.91587945,0.33701006
0.01681,2.90381915,0.53801508
0.016819999999999998,2.89577895,0.43751257
0.01683,2.8897488,0.33701006
0.01684,2.89979905,0.53801508
0.01685,2.89577895,0.53801508
0.01686,2.89979905,0.43751257
0.01687,2.90381915,0.73902011
0.016880000000000003,2.89175885,0.53801508
0.016890000000000002,2.89979905,0.53801508
0.0169,2.89979905,0.6385175999999999
0.016909999999999998,2.87969855,0.78927137
0.016919999999999998,2.89175885,0.53801508
0.01693,2.87969855,0.68876885
0.01694,2.88371865,0.6385175999999999
0.01695,2.88773875,0.73902011
0.01696,2.87567845,0.73902011
0.01697,2.88773875,0.73902011
0.016980000000000002,2.87969855,0.94002514
0.01699,2.8857287,0.94002514
0.017,2.89175885,0.73902011
0.01701,2.87969855,0.83952262
0.01702,2.88371865,0.94002514
0.01703,2.88371865,0.99027639
0.01704,2.86763825,0.94002514
0.01705,2.88371865,1.09077891
0.01706,2.86763825,1.24153268
0.01707,2.8736684,1.14103016
0.01708,2.85959805,1.14103016
0.01709,2.88371865,1.14103016
0.0171,2.87567845,1.14103016
0.01711,2.857588,1.19128142
0.01712,2.87567845,1.34203519
0.017130000000000003,2.87567845,1.34203519
0.01714,2.87165835,1.34203519
0.01715,2.85959805,1.39228645
0.017159999999999998,2.84351765,1.54304022
0.017169999999999998,2.86763825,1.34203519
0.01718,2.87165835,1.54304022
0.01719,2.85155785,1.49278896
0.0172,2.85959805,1.54304022
0.01721,2.85557795,1.54304022
0.01722,2.86361815,1.64354273
0.017230000000000002,2.8616081,1.74404524
0.017240000000000002,2.84351765,1.74404524
0.01725,2.85959805,1.74404524
0.01726,2.86361815,1.84454776
0.017269999999999997,2.83547745,1.89479901
0.01728,2.81939704,1.94505027
0.01729,2.8455277000000003,1.84454776
0.0173,2.84351765,1.74404524
0.01731,2.83949755,1.99530153
0.01732,2.87567845,1.94505027
0.01733,2.8455277000000003,1.99530153
0.01734,2.85557795,2.04555278
0.01735,2.84753775,2.29680907
0.01736,2.82743724,2.34706032
0.01737,2.8495478,2.29680907
0.01738,2.83547745,2.34706032
0.01739,2.83145734,2.19630655
0.0174,2.82743724,2.1460553
0.01741,2.84351765,2.39731158
0.017419999999999998,2.82341714,2.34706032
0.01743,2.83547745,2.34706032
0.01744,2.84351765,2.54806535
0.01745,2.83547745,2.54806535
0.01746,2.84351765,2.54806535
0.01747,2.8415076,2.54806535
0.017480000000000002,2.84351765,2.54806535
0.017490000000000002,2.82944729,2.54806535
0.0175,2.83949755,2.64856786
0.017509999999999998,2.81537694,2.74907038
0.017519999999999997,2.82743724,2.74907038
0.01753,2.8334674,2.74907038
0.01754,2.82341714,2.74907038
0.01755,2.81537694,2.79932163
0.01756,2.84351765,2.9500754
0.01757,2.8374875,2.9500754
0.017580000000000002,2.83949755,2.9500754
0.01759,2.81336689,3.00032666
0.0176,2.80331664,2.9500754
0.01761,2.81738699,3.15108043
0.01762,2.82341714,3.15108043
0.01763,2.80532669,3.15108043
0.01764,2.79527644,3.15108043
0.01765,2.80130659,3.00032666
0.01766,2.80331664,3.15108043
0.017669999999999998,2.82341714,3.20133169
0.01768,2.81939704,3.15108043
0.01769,2.82341714,3.35208546
0.0177,2.81939704,3.45258797
0.01771,2.81336689,3.35208546
0.01772,2.81135684,3.35208546
0.017730000000000003,2.80130659,3.35208546
0.017740000000000002,2.81135684,3.653593
0.01775,2.81135684,3.55309048
0.017759999999999998,2.81135684,3.55309048
0.017769999999999998,2.79326639,3.55309048
0.01778,2.80331664,3.75409551
0.01779,2.81738699,3.55309048
0.0178,2.81135684,3.75409551
0.01781,2.80733674,3.55309048
0.01782,2.81135684,3.75409551
0.017830000000000002,2.81135684,3.60334174
0.01784,2.79527644,3.75409551
0.01785,2.80532669,3.60334174
0.01786,2.80331664,3.95510054
0.01787,2.78924629,4.00535179
0.01788,2.78723624,3.75409551
0.01789,2.79326639,4.00535179
0.0179,2.81537694,4.05560305
0.01791,2.80532669,4.10585431
0.01792,2.80331664,4.15610556
0.01793,2.80733674,3.95510054
0.01794,2.79929654,4.15610556
0.01795,2.78120609,3.95510054
0.01796,2.77919604,4.15610556
0.01797,2.77919604,4.15610556
0.01798,2.78321614,4.15610556
0.01799,2.80130659,4.15610556
0.018000000000000002,2.77115584,4.15610556
0.018009999999999998,2.78723624,4.40736185
0.01802,2.81135684,4.4576131
0.01803,2.80733674,4.20635682
0.01804,2.79527644,4.15610556
0.01805,2.80331664,4.40736185
0.01806,2.77919604,4.35711059
0.01807,2.79929654,4.35711059
0.01808,2.79527644,4.55811562
0.01809,2.78924629,4.35711059
0.0181,2.77517594,4.4576131
0.01811,2.78321614,4.60836687
0.01812,2.78723624,4.55811562
0.01813,2.78120609,4.55811562
0.01814,2.80331664,4.85962316
0.01815,2.79125634,4.60836687
0.01816,2.77115584,4.55811562
0.01817,2.77718599,4.60836687
0.01818,2.79125634,4.75912064
0.01819,2.76512569,4.75912064
0.0182,2.77115584,4.75912064
0.01821,2.77718599,4.75912064
0.01822,2.77115584,4.85962316
0.01823,2.76311564,4.96012567
0.01824,2.77115584,4.96012567
0.01825,2.76311564,4.75912064
0.01826,2.78321614,4.96012567
0.01827,2.77718599,4.96012567
0.01828,2.77919604,4.96012567
0.01829,2.77718599,5.1611307
0.0183,2.77115584,5.06062818
0.01831,2.76512569,5.01037693
0.01832,2.75507544,5.1611307
0.018330000000000003,2.75708549,5.1611307
0.01834,2.76311564,4.96012567
0.01835,2.75507544,5.1611307
0.01836,2.76311564,5.1611307
0.01837,2.78723624,5.31188447
0.01838,2.77919604,5.1611307
0.01839,2.76110559,5.36213572
0.0184,2.78723624,5.36213572
0.01841,2.76110559,5.1611307
0.01842,2.76311564,5.1611307
0.01843,2.75507544,5.1611307
0.01844,2.75507544,5.36213572
0.01845,2.77316589,5.36213572
0.01846,2.76311564,5.36213572
0.01847,2.75909554,5.36213572
0.01848,2.75507544,5.56314075
0.01849,2.76512569,5.41238698
0.0185,2.76713574,5.46263824
0.01851,2.77517594,5.41238698
0.01852,2.77115584,5.56314075
0.01853,2.77115584,5.41238698
0.01854,2.77115584,5.66364326
0.01855,2.77919604,5.61339201
0.01856,2.77115584,5.9651508
0.01857,2.76512569,5.56314075
0.018580000000000003,2.75507544,5.86464829
0.01859,2.74703524,5.61339201
0.0186,2.76311564,5.76414578
0.01861,2.76512569,5.81439703
0.01862,2.77115584,5.86464829
0.01863,2.75306539,5.91489955
0.01864,2.77115584,5.76414578
0.01865,2.77718599,5.91489955
0.01866,2.75909554,6.06565332
0.01867,2.76311564,6.11590457
0.01868,2.74703524,5.9651508
0.01869,2.76914579,6.01540206
0.0187,2.75909554,6.16615583
0.01871,2.75306539,6.3169096
0.01872,2.77115584,6.16615583
0.01873,2.77115584,6.26665834
0.01874,2.77115584,6.06565332
0.01875,2.75708549,6.26665834
0.01876,2.75507544,6.36716086
0.01877,2.77115584,6.16615583
0.01878,2.77115584,6.06565332
0.01879,2.74904529,6.21640709
0.0188,2.77115584,6.36716086
0.01881,2.74904529,6.21640709
0.01882,2.75105534,6.46766337
0.01883,2.78120609,6.3169096
0.01884,2.77115584,6.36716086
0.01885,2.75507544,6.36716086
0.01886,2.76311564,6.46766337
0.01887,2.76512569,6.51791463
0.01888,2.75507544,6.56816588
0.01889,2.75105534,6.36716086
0.0189,2.75909554,6.56816588
0.01891,2.75306539,6.61841714
0.01892,2.73899503,6.76917091
0.01893,2.75909554,6.91992468
0.01894,2.74703524,6.76917091
0.01895,2.76914579,6.71891965
0.01896,2.77919604,6.76917091
0.01897,2.76713574,6.61841714
0.01898,2.75105534,6.76917091
0.01899,2.77919604,6.76917091
0.019,2.76311564,6.76917091
0.01901,2.75909554,6.97017594
0.01902,2.75507544,6.97017594
0.01903,2.75507544,6.76917091
0.01904,2.75507544,7.17118096
0.01905,2.76713574,6.97017594
0.01906,2.77115584,7.17118096
0.01907,2.76110559,6.97017594
0.01908,2.75507544,7.17118096
0.01909,2.75507544,7.02042719
0.0191,2.76713574,6.97017594
0.01911,2.75909554,7.12092971
0.01912,2.75507544,7.17118096
0.01913,2.76512569,7.17118096
0.01914,2.75909554,7.07067845
0.01915,2.76512569,7.02042719
0.01916,2.76311564,7.17118096
0.01917,2.75708549,7.32193473
0.019180000000000003,2.75105534,7.27168348
0.01919,2.76311564,7.22143222
0.0192,2.78723624,7.17118096
0.01921,2.75708549,7.22143222
0.01922,2.75909554,7.37218599
0.01923,2.77316589,7.52293976
0.01924,2.75507544,7.37218599
0.01925,2.77718599,7.52293976
0.01926,2.77115584,7.4726884999999985
0.01927,2.75306539,7.57319102
0.01928,2.74703524,7.57319102
0.01929,2.74703524,7.72394479
0.0193,2.77517594,7.57319102
0.01931,2.76512569,7.77419604
0.01932,2.78723624,7.77419604
0.01933,2.78522619,7.62344227
0.01934,2.77517594,7.57319102
0.01935,2.75909554,7.62344227
0.01936,2.77919604,7.57319102
0.01937,2.76110559,7.72394479
0.01938,2.77919604,7.57319102
0.01939,2.76110559,7.87469856
0.0194,2.76311564,7.77419604
0.01941,2.78522619,7.67369353
0.01942,2.78321614,7.97520107
0.019430000000000003,2.78723624,7.92494981
0.01944,2.77919604,8.1762061
0.01945,2.79125634,7.8244473
0.01946,2.77517594,7.87469856
0.01947,2.78522619,7.92494981
0.01948,2.77919604,7.77419604
0.01949,2.78120609,7.8244473
0.0195,2.77115584,7.97520107
0.01951,2.77919604,7.97520107
0.01952,2.76311564,8.1762061
0.01953,2.76914579,7.97520107
0.01954,2.78321614,8.07570358
0.01955,2.78321614,7.97520107
0.01956,2.78723624,8.1762061
0.01957,2.77517594,7.97520107
0.01958,2.78321614,8.07570358
0.01959,2.78321614,8.1762061
0.0196,2.79527644,8.1762061
0.01961,2.78321614,8.02545233
0.01962,2.78321614,8.1762061
0.01963,2.76914579,8.1762061
0.01964,2.77919604,8.37721112
0.01965,2.80130659,8.1762061
0.01966,2.79929654,8.27670861
0.01967,2.79929654,8.32695987
0.01968,2.80331664,8.1762061
0.01969,2.81135684,8.22645735
0.0197,2.78321614,8.47771364
0.01971,2.77517594,8.1762061
0.01972,2.81135684,8.37721112
0.01973,2.79125634,8.22645735
0.01974,2.79125634,8.27670861
0.01975,2.78723624,8.32695987
0.01976,2.78723624,8.37721112
0.01977,2.81135684,8.22645735
0.01978,2.80331664,8.27670861
0.01979,2.81537694,8.32695987
0.0198,2.79527644,8.1762061
0.01981,2.78924629,8.47771364
0.01982,2.80331664,8.37721112
0.01983,2.81135684,8.27670861
0.01984,2.81135684,8.37721112
0.01985,2.80733674,8.37721112
0.01986,2.80331664,8.27670861
0.01987,2.79929654,8.57821615
0.01988,2.84351765,8.57821615
0.01989,2.80934679,8.52796489
0.0199,2.80733674,8.37721112
0.01991,2.80532669,8.52796489
0.01992,2.82743724,8.37721112
0.01993,2.81537694,8.37721112
0.01994,2.82341714,8.47771364
0.01995,2.82341714,8.37721112
0.01996,2.81939704,8.57821615
0.01997,2.80733674,8.52796489
0.01998,2.80331664,8.57821615
0.01999,2.82542719,8.52796489
